<application>
  <component name="ProjectJdkTable">
    <jdk version="2">
      <name value="JDK" />
      <type value="JavaSDK" />
      <version value="version 11.0.12" />
      <homePath value="$APPLICATION_HOME_DIR$/jre" />
      <roots>
        <annotationsPath>
          <root type="composite">
            <root url="jar://$APPLICATION_HOME_DIR$/plugins/java/lib/jdkAnnotations.jar!/" type="simple" />
          </root>
        </annotationsPath>
        <classPath>
          <root type="composite">
            <root url="jrt://C:/Program Files/Android/AndroidStudio/jre!/java.base" type="simple" />
            <root url="jrt://C:/Program Files/Android/AndroidStudio/jre!/java.compiler" type="simple" />
            <root url="jrt://C:/Program Files/Android/AndroidStudio/jre!/java.datatransfer" type="simple" />
            <root url="jrt://C:/Program Files/Android/AndroidStudio/jre!/java.desktop" type="simple" />
            <root url="jrt://C:/Program Files/Android/AndroidStudio/jre!/java.instrument" type="simple" />
            <root url="jrt://C:/Program Files/Android/AndroidStudio/jre!/java.logging" type="simple" />
            <root url="jrt://C:/Program Files/Android/AndroidStudio/jre!/java.management" type="simple" />
            <root url="jrt://C:/Program Files/Android/AndroidStudio/jre!/java.management.rmi" type="simple" />
            <root url="jrt://C:/Program Files/Android/AndroidStudio/jre!/java.naming" type="simple" />
            <root url="jrt://C:/Program Files/Android/AndroidStudio/jre!/java.net.http" type="simple" />
            <root url="jrt://C:/Program Files/Android/AndroidStudio/jre!/java.prefs" type="simple" />
            <root url="jrt://C:/Program Files/Android/AndroidStudio/jre!/java.rmi" type="simple" />
            <root url="jrt://C:/Program Files/Android/AndroidStudio/jre!/java.scripting" type="simple" />
            <root url="jrt://C:/Program Files/Android/AndroidStudio/jre!/java.se" type="simple" />
            <root url="jrt://C:/Program Files/Android/AndroidStudio/jre!/java.security.jgss" type="simple" />
            <root url="jrt://C:/Program Files/Android/AndroidStudio/jre!/java.security.sasl" type="simple" />
            <root url="jrt://C:/Program Files/Android/AndroidStudio/jre!/java.smartcardio" type="simple" />
            <root url="jrt://C:/Program Files/Android/AndroidStudio/jre!/java.sql" type="simple" />
            <root url="jrt://C:/Program Files/Android/AndroidStudio/jre!/java.sql.rowset" type="simple" />
            <root url="jrt://C:/Program Files/Android/AndroidStudio/jre!/java.transaction.xa" type="simple" />
            <root url="jrt://C:/Program Files/Android/AndroidStudio/jre!/java.xml" type="simple" />
            <root url="jrt://C:/Program Files/Android/AndroidStudio/jre!/java.xml.crypto" type="simple" />
            <root url="jrt://C:/Program Files/Android/AndroidStudio/jre!/jdk.accessibility" type="simple" />
            <root url="jrt://C:/Program Files/Android/AndroidStudio/jre!/jdk.aot" type="simple" />
            <root url="jrt://C:/Program Files/Android/AndroidStudio/jre!/jdk.attach" type="simple" />
            <root url="jrt://C:/Program Files/Android/AndroidStudio/jre!/jdk.charsets" type="simple" />
            <root url="jrt://C:/Program Files/Android/AndroidStudio/jre!/jdk.compiler" type="simple" />
            <root url="jrt://C:/Program Files/Android/AndroidStudio/jre!/jdk.crypto.cryptoki" type="simple" />
            <root url="jrt://C:/Program Files/Android/AndroidStudio/jre!/jdk.crypto.ec" type="simple" />
            <root url="jrt://C:/Program Files/Android/AndroidStudio/jre!/jdk.dynalink" type="simple" />
            <root url="jrt://C:/Program Files/Android/AndroidStudio/jre!/jdk.hotspot.agent" type="simple" />
            <root url="jrt://C:/Program Files/Android/AndroidStudio/jre!/jdk.httpserver" type="simple" />
            <root url="jrt://C:/Program Files/Android/AndroidStudio/jre!/jdk.internal.ed" type="simple" />
            <root url="jrt://C:/Program Files/Android/AndroidStudio/jre!/jdk.internal.jvmstat" type="simple" />
            <root url="jrt://C:/Program Files/Android/AndroidStudio/jre!/jdk.internal.le" type="simple" />
            <root url="jrt://C:/Program Files/Android/AndroidStudio/jre!/jdk.internal.opt" type="simple" />
            <root url="jrt://C:/Program Files/Android/AndroidStudio/jre!/jdk.internal.vm.ci" type="simple" />
            <root url="jrt://C:/Program Files/Android/AndroidStudio/jre!/jdk.internal.vm.compiler" type="simple" />
            <root url="jrt://C:/Program Files/Android/AndroidStudio/jre!/jdk.internal.vm.compiler.management" type="simple" />
            <root url="jrt://C:/Program Files/Android/AndroidStudio/jre!/jdk.jartool" type="simple" />
            <root url="jrt://C:/Program Files/Android/AndroidStudio/jre!/jdk.javadoc" type="simple" />
            <root url="jrt://C:/Program Files/Android/AndroidStudio/jre!/jdk.jdeps" type="simple" />
            <root url="jrt://C:/Program Files/Android/AndroidStudio/jre!/jdk.jdi" type="simple" />
            <root url="jrt://C:/Program Files/Android/AndroidStudio/jre!/jdk.jdwp.agent" type="simple" />
            <root url="jrt://C:/Program Files/Android/AndroidStudio/jre!/jdk.jfr" type="simple" />
            <root url="jrt://C:/Program Files/Android/AndroidStudio/jre!/jdk.jlink" type="simple" />
            <root url="jrt://C:/Program Files/Android/AndroidStudio/jre!/jdk.jsobject" type="simple" />
            <root url="jrt://C:/Program Files/Android/AndroidStudio/jre!/jdk.localedata" type="simple" />
            <root url="jrt://C:/Program Files/Android/AndroidStudio/jre!/jdk.management" type="simple" />
            <root url="jrt://C:/Program Files/Android/AndroidStudio/jre!/jdk.management.agent" type="simple" />
            <root url="jrt://C:/Program Files/Android/AndroidStudio/jre!/jdk.management.jfr" type="simple" />
            <root url="jrt://C:/Program Files/Android/AndroidStudio/jre!/jdk.naming.dns" type="simple" />
            <root url="jrt://C:/Program Files/Android/AndroidStudio/jre!/jdk.naming.rmi" type="simple" />
            <root url="jrt://C:/Program Files/Android/AndroidStudio/jre!/jdk.net" type="simple" />
            <root url="jrt://C:/Program Files/Android/AndroidStudio/jre!/jdk.pack" type="simple" />
            <root url="jrt://C:/Program Files/Android/AndroidStudio/jre!/jdk.scripting.nashorn" type="simple" />
            <root url="jrt://C:/Program Files/Android/AndroidStudio/jre!/jdk.scripting.nashorn.shell" type="simple" />
            <root url="jrt://C:/Program Files/Android/AndroidStudio/jre!/jdk.sctp" type="simple" />
            <root url="jrt://C:/Program Files/Android/AndroidStudio/jre!/jdk.security.auth" type="simple" />
            <root url="jrt://C:/Program Files/Android/AndroidStudio/jre!/jdk.security.jgss" type="simple" />
            <root url="jrt://C:/Program Files/Android/AndroidStudio/jre!/jdk.unsupported" type="simple" />
            <root url="jrt://C:/Program Files/Android/AndroidStudio/jre!/jdk.xml.dom" type="simple" />
            <root url="jrt://C:/Program Files/Android/AndroidStudio/jre!/jdk.zipfs" type="simple" />
          </root>
        </classPath>
        <javadocPath>
          <root type="composite" />
        </javadocPath>
        <sourcePath>
          <root type="composite" />
        </sourcePath>
      </roots>
      <additional />
    </jdk>
    <jdk version="2">
      <name value="Android Studio default JDK" />
      <type value="JavaSDK" />
      <version value="version 11.0.12" />
      <homePath value="$APPLICATION_HOME_DIR$/jre" />
      <roots>
        <annotationsPath>
          <root type="composite">
            <root url="jar://$APPLICATION_HOME_DIR$/plugins/java/lib/jdkAnnotations.jar!/" type="simple" />
          </root>
        </annotationsPath>
        <classPath>
          <root type="composite">
            <root url="jrt://C:/Program Files/Android/AndroidStudio/jre!/java.base" type="simple" />
            <root url="jrt://C:/Program Files/Android/AndroidStudio/jre!/java.compiler" type="simple" />
            <root url="jrt://C:/Program Files/Android/AndroidStudio/jre!/java.datatransfer" type="simple" />
            <root url="jrt://C:/Program Files/Android/AndroidStudio/jre!/java.desktop" type="simple" />
            <root url="jrt://C:/Program Files/Android/AndroidStudio/jre!/java.instrument" type="simple" />
            <root url="jrt://C:/Program Files/Android/AndroidStudio/jre!/java.logging" type="simple" />
            <root url="jrt://C:/Program Files/Android/AndroidStudio/jre!/java.management" type="simple" />
            <root url="jrt://C:/Program Files/Android/AndroidStudio/jre!/java.management.rmi" type="simple" />
            <root url="jrt://C:/Program Files/Android/AndroidStudio/jre!/java.naming" type="simple" />
            <root url="jrt://C:/Program Files/Android/AndroidStudio/jre!/java.net.http" type="simple" />
            <root url="jrt://C:/Program Files/Android/AndroidStudio/jre!/java.prefs" type="simple" />
            <root url="jrt://C:/Program Files/Android/AndroidStudio/jre!/java.rmi" type="simple" />
            <root url="jrt://C:/Program Files/Android/AndroidStudio/jre!/java.scripting" type="simple" />
            <root url="jrt://C:/Program Files/Android/AndroidStudio/jre!/java.se" type="simple" />
            <root url="jrt://C:/Program Files/Android/AndroidStudio/jre!/java.security.jgss" type="simple" />
            <root url="jrt://C:/Program Files/Android/AndroidStudio/jre!/java.security.sasl" type="simple" />
            <root url="jrt://C:/Program Files/Android/AndroidStudio/jre!/java.smartcardio" type="simple" />
            <root url="jrt://C:/Program Files/Android/AndroidStudio/jre!/java.sql" type="simple" />
            <root url="jrt://C:/Program Files/Android/AndroidStudio/jre!/java.sql.rowset" type="simple" />
            <root url="jrt://C:/Program Files/Android/AndroidStudio/jre!/java.transaction.xa" type="simple" />
            <root url="jrt://C:/Program Files/Android/AndroidStudio/jre!/java.xml" type="simple" />
            <root url="jrt://C:/Program Files/Android/AndroidStudio/jre!/java.xml.crypto" type="simple" />
            <root url="jrt://C:/Program Files/Android/AndroidStudio/jre!/jdk.accessibility" type="simple" />
            <root url="jrt://C:/Program Files/Android/AndroidStudio/jre!/jdk.aot" type="simple" />
            <root url="jrt://C:/Program Files/Android/AndroidStudio/jre!/jdk.attach" type="simple" />
            <root url="jrt://C:/Program Files/Android/AndroidStudio/jre!/jdk.charsets" type="simple" />
            <root url="jrt://C:/Program Files/Android/AndroidStudio/jre!/jdk.compiler" type="simple" />
            <root url="jrt://C:/Program Files/Android/AndroidStudio/jre!/jdk.crypto.cryptoki" type="simple" />
            <root url="jrt://C:/Program Files/Android/AndroidStudio/jre!/jdk.crypto.ec" type="simple" />
            <root url="jrt://C:/Program Files/Android/AndroidStudio/jre!/jdk.dynalink" type="simple" />
            <root url="jrt://C:/Program Files/Android/AndroidStudio/jre!/jdk.hotspot.agent" type="simple" />
            <root url="jrt://C:/Program Files/Android/AndroidStudio/jre!/jdk.httpserver" type="simple" />
            <root url="jrt://C:/Program Files/Android/AndroidStudio/jre!/jdk.internal.ed" type="simple" />
            <root url="jrt://C:/Program Files/Android/AndroidStudio/jre!/jdk.internal.jvmstat" type="simple" />
            <root url="jrt://C:/Program Files/Android/AndroidStudio/jre!/jdk.internal.le" type="simple" />
            <root url="jrt://C:/Program Files/Android/AndroidStudio/jre!/jdk.internal.opt" type="simple" />
            <root url="jrt://C:/Program Files/Android/AndroidStudio/jre!/jdk.internal.vm.ci" type="simple" />
            <root url="jrt://C:/Program Files/Android/AndroidStudio/jre!/jdk.internal.vm.compiler" type="simple" />
            <root url="jrt://C:/Program Files/Android/AndroidStudio/jre!/jdk.internal.vm.compiler.management" type="simple" />
            <root url="jrt://C:/Program Files/Android/AndroidStudio/jre!/jdk.jartool" type="simple" />
            <root url="jrt://C:/Program Files/Android/AndroidStudio/jre!/jdk.javadoc" type="simple" />
            <root url="jrt://C:/Program Files/Android/AndroidStudio/jre!/jdk.jdeps" type="simple" />
            <root url="jrt://C:/Program Files/Android/AndroidStudio/jre!/jdk.jdi" type="simple" />
            <root url="jrt://C:/Program Files/Android/AndroidStudio/jre!/jdk.jdwp.agent" type="simple" />
            <root url="jrt://C:/Program Files/Android/AndroidStudio/jre!/jdk.jfr" type="simple" />
            <root url="jrt://C:/Program Files/Android/AndroidStudio/jre!/jdk.jlink" type="simple" />
            <root url="jrt://C:/Program Files/Android/AndroidStudio/jre!/jdk.jsobject" type="simple" />
            <root url="jrt://C:/Program Files/Android/AndroidStudio/jre!/jdk.localedata" type="simple" />
            <root url="jrt://C:/Program Files/Android/AndroidStudio/jre!/jdk.management" type="simple" />
            <root url="jrt://C:/Program Files/Android/AndroidStudio/jre!/jdk.management.agent" type="simple" />
            <root url="jrt://C:/Program Files/Android/AndroidStudio/jre!/jdk.management.jfr" type="simple" />
            <root url="jrt://C:/Program Files/Android/AndroidStudio/jre!/jdk.naming.dns" type="simple" />
            <root url="jrt://C:/Program Files/Android/AndroidStudio/jre!/jdk.naming.rmi" type="simple" />
            <root url="jrt://C:/Program Files/Android/AndroidStudio/jre!/jdk.net" type="simple" />
            <root url="jrt://C:/Program Files/Android/AndroidStudio/jre!/jdk.pack" type="simple" />
            <root url="jrt://C:/Program Files/Android/AndroidStudio/jre!/jdk.scripting.nashorn" type="simple" />
            <root url="jrt://C:/Program Files/Android/AndroidStudio/jre!/jdk.scripting.nashorn.shell" type="simple" />
            <root url="jrt://C:/Program Files/Android/AndroidStudio/jre!/jdk.sctp" type="simple" />
            <root url="jrt://C:/Program Files/Android/AndroidStudio/jre!/jdk.security.auth" type="simple" />
            <root url="jrt://C:/Program Files/Android/AndroidStudio/jre!/jdk.security.jgss" type="simple" />
            <root url="jrt://C:/Program Files/Android/AndroidStudio/jre!/jdk.unsupported" type="simple" />
            <root url="jrt://C:/Program Files/Android/AndroidStudio/jre!/jdk.xml.dom" type="simple" />
            <root url="jrt://C:/Program Files/Android/AndroidStudio/jre!/jdk.zipfs" type="simple" />
          </root>
        </classPath>
        <javadocPath>
          <root type="composite" />
        </javadocPath>
        <sourcePath>
          <root type="composite" />
        </sourcePath>
      </roots>
      <additional />
    </jdk>
    <jdk version="2">
      <name value="Android API 23 Platform" />
      <type value="Android SDK" />
      <version value="version 11.0.12" />
      <homePath value="$USER_HOME$/AppData/Local/Android/Sdk" />
      <roots>
        <annotationsPath>
          <root type="composite">
            <root url="jar://$APPLICATION_HOME_DIR$/plugins/android/resources/androidAnnotations.jar!/" type="simple" />
          </root>
        </annotationsPath>
        <classPath>
          <root type="composite">
            <root url="jar://$USER_HOME$/AppData/Local/Android/Sdk/platforms/android-23/android.jar!/" type="simple" />
            <root url="file://$USER_HOME$/AppData/Local/Android/Sdk/platforms/android-23/data/res" type="simple" />
          </root>
        </classPath>
        <javadocPath>
          <root type="composite">
            <root url="http://developer.android.com/reference/" type="simple" />
          </root>
        </javadocPath>
        <sourcePath>
          <root type="composite" />
        </sourcePath>
      </roots>
      <additional jdk="JDK" sdk="android-23" />
    </jdk>
    <jdk version="2">
      <name value="Android API 26 Platform" />
      <type value="Android SDK" />
      <version value="version 11.0.12" />
      <homePath value="$USER_HOME$/AppData/Local/Android/Sdk" />
      <roots>
        <annotationsPath>
          <root type="composite">
            <root url="jar://$APPLICATION_HOME_DIR$/plugins/android/resources/androidAnnotations.jar!/" type="simple" />
          </root>
        </annotationsPath>
        <classPath>
          <root type="composite">
            <root url="jar://$USER_HOME$/AppData/Local/Android/Sdk/platforms/android-26/android.jar!/" type="simple" />
            <root url="file://$USER_HOME$/AppData/Local/Android/Sdk/platforms/android-26/data/res" type="simple" />
          </root>
        </classPath>
        <javadocPath>
          <root type="composite" />
        </javadocPath>
        <sourcePath>
          <root type="composite">
            <root url="file://$USER_HOME$/AppData/Local/Android/Sdk/sources/android-26" type="simple" />
          </root>
        </sourcePath>
      </roots>
      <additional jdk="JDK" sdk="android-26" />
    </jdk>
    <jdk version="2">
      <name value="Android API 28 Platform" />
      <type value="Android SDK" />
      <version value="version 11.0.12" />
      <homePath value="$USER_HOME$/AppData/Local/Android/Sdk" />
      <roots>
        <annotationsPath>
          <root type="composite">
            <root url="jar://$USER_HOME$/AppData/Local/Android/Sdk/platforms/android-28/data/annotations.zip!/" type="simple" />
          </root>
        </annotationsPath>
        <classPath>
          <root type="composite">
            <root url="jar://$USER_HOME$/AppData/Local/Android/Sdk/platforms/android-28/android.jar!/" type="simple" />
            <root url="file://$USER_HOME$/AppData/Local/Android/Sdk/platforms/android-28/data/res" type="simple" />
          </root>
        </classPath>
        <javadocPath>
          <root type="composite" />
        </javadocPath>
        <sourcePath>
          <root type="composite">
            <root url="file://$USER_HOME$/AppData/Local/Android/Sdk/sources/android-28" type="simple" />
          </root>
        </sourcePath>
      </roots>
      <additional jdk="JDK" sdk="android-28" />
    </jdk>
    <jdk version="2">
      <name value="Android API 29 Platform" />
      <type value="Android SDK" />
      <version value="version 11.0.12" />
      <homePath value="$USER_HOME$/AppData/Local/Android/Sdk" />
      <roots>
        <annotationsPath>
          <root type="composite">
            <root url="jar://$USER_HOME$/AppData/Local/Android/Sdk/platforms/android-29/data/annotations.zip!/" type="simple" />
          </root>
        </annotationsPath>
        <classPath>
          <root type="composite">
            <root url="jar://$USER_HOME$/AppData/Local/Android/Sdk/platforms/android-29/android.jar!/" type="simple" />
            <root url="file://$USER_HOME$/AppData/Local/Android/Sdk/platforms/android-29/data/res" type="simple" />
          </root>
        </classPath>
        <javadocPath>
          <root type="composite" />
        </javadocPath>
        <sourcePath>
          <root type="composite">
            <root url="file://$USER_HOME$/AppData/Local/Android/Sdk/sources/android-29" type="simple" />
          </root>
        </sourcePath>
      </roots>
      <additional jdk="JDK" sdk="android-29" />
    </jdk>
    <jdk version="2">
      <name value="Android API 30 Platform" />
      <type value="Android SDK" />
      <version value="version 11.0.12" />
      <homePath value="$USER_HOME$/AppData/Local/Android/Sdk" />
      <roots>
        <annotationsPath>
          <root type="composite">
            <root url="jar://$USER_HOME$/AppData/Local/Android/Sdk/platforms/android-30/data/annotations.zip!/" type="simple" />
          </root>
        </annotationsPath>
        <classPath>
          <root type="composite">
            <root url="jar://$USER_HOME$/AppData/Local/Android/Sdk/platforms/android-30/android.jar!/" type="simple" />
            <root url="file://$USER_HOME$/AppData/Local/Android/Sdk/platforms/android-30/data/res" type="simple" />
          </root>
        </classPath>
        <javadocPath>
          <root type="composite" />
        </javadocPath>
        <sourcePath>
          <root type="composite">
            <root url="file://$USER_HOME$/AppData/Local/Android/Sdk/sources/android-30" type="simple" />
          </root>
        </sourcePath>
      </roots>
      <additional jdk="JDK" sdk="android-30" />
    </jdk>
    <jdk version="2">
      <name value="Android API 30, S preview Platform" />
      <type value="Android SDK" />
      <version value="version 11.0.12" />
      <homePath value="$USER_HOME$/AppData/Local/Android/Sdk" />
      <roots>
        <annotationsPath>
          <root type="composite">
            <root url="jar://$USER_HOME$/AppData/Local/Android/Sdk/platforms/android-S/data/annotations.zip!/" type="simple" />
          </root>
        </annotationsPath>
        <classPath>
          <root type="composite">
            <root url="jar://$USER_HOME$/AppData/Local/Android/Sdk/platforms/android-S/android.jar!/" type="simple" />
            <root url="file://$USER_HOME$/AppData/Local/Android/Sdk/platforms/android-S/data/res" type="simple" />
          </root>
        </classPath>
        <javadocPath>
          <root type="composite">
            <root url="http://developer.android.com/reference/" type="simple" />
          </root>
        </javadocPath>
        <sourcePath>
          <root type="composite" />
        </sourcePath>
      </roots>
      <additional jdk="JDK" sdk="android-S" />
    </jdk>
    <jdk version="2">
      <name value="Android API 31 Platform" />
      <type value="Android SDK" />
      <version value="version 11.0.12" />
      <homePath value="$USER_HOME$/AppData/Local/Android/Sdk" />
      <roots>
        <annotationsPath>
          <root type="composite">
            <root url="jar://$USER_HOME$/AppData/Local/Android/Sdk/platforms/android-31/data/annotations.zip!/" type="simple" />
          </root>
        </annotationsPath>
        <classPath>
          <root type="composite">
            <root url="jar://$USER_HOME$/AppData/Local/Android/Sdk/platforms/android-31/android.jar!/" type="simple" />
            <root url="file://$USER_HOME$/AppData/Local/Android/Sdk/platforms/android-31/data/res" type="simple" />
          </root>
        </classPath>
        <javadocPath>
          <root type="composite">
            <root url="http://developer.android.com/reference/" type="simple" />
          </root>
        </javadocPath>
        <sourcePath>
          <root type="composite" />
        </sourcePath>
      </roots>
      <additional jdk="JDK" sdk="android-31" />
    </jdk>
    <jdk version="2">
      <name value="15" />
      <type value="JavaSDK" />
      <version value="java version &quot;15.0.8&quot;" />
      <homePath value="$USER_HOME$/.jdks/azul-15.0.8" />
      <roots>
        <annotationsPath>
          <root type="composite">
            <root url="jar://$APPLICATION_HOME_DIR$/plugins/java/lib/jdkAnnotations.jar!/" type="simple" />
          </root>
        </annotationsPath>
        <classPath>
          <root type="composite">
            <root url="jrt://C:/Users/yuu_harada/.jdks/azul-15.0.8!/java.base" type="simple" />
            <root url="jrt://C:/Users/yuu_harada/.jdks/azul-15.0.8!/java.compiler" type="simple" />
            <root url="jrt://C:/Users/yuu_harada/.jdks/azul-15.0.8!/java.datatransfer" type="simple" />
            <root url="jrt://C:/Users/yuu_harada/.jdks/azul-15.0.8!/java.desktop" type="simple" />
            <root url="jrt://C:/Users/yuu_harada/.jdks/azul-15.0.8!/java.instrument" type="simple" />
            <root url="jrt://C:/Users/yuu_harada/.jdks/azul-15.0.8!/java.logging" type="simple" />
            <root url="jrt://C:/Users/yuu_harada/.jdks/azul-15.0.8!/java.management" type="simple" />
            <root url="jrt://C:/Users/yuu_harada/.jdks/azul-15.0.8!/java.management.rmi" type="simple" />
            <root url="jrt://C:/Users/yuu_harada/.jdks/azul-15.0.8!/java.naming" type="simple" />
            <root url="jrt://C:/Users/yuu_harada/.jdks/azul-15.0.8!/java.net.http" type="simple" />
            <root url="jrt://C:/Users/yuu_harada/.jdks/azul-15.0.8!/java.prefs" type="simple" />
            <root url="jrt://C:/Users/yuu_harada/.jdks/azul-15.0.8!/java.rmi" type="simple" />
            <root url="jrt://C:/Users/yuu_harada/.jdks/azul-15.0.8!/java.scripting" type="simple" />
            <root url="jrt://C:/Users/yuu_harada/.jdks/azul-15.0.8!/java.se" type="simple" />
            <root url="jrt://C:/Users/yuu_harada/.jdks/azul-15.0.8!/java.security.jgss" type="simple" />
            <root url="jrt://C:/Users/yuu_harada/.jdks/azul-15.0.8!/java.security.sasl" type="simple" />
            <root url="jrt://C:/Users/yuu_harada/.jdks/azul-15.0.8!/java.smartcardio" type="simple" />
            <root url="jrt://C:/Users/yuu_harada/.jdks/azul-15.0.8!/java.sql" type="simple" />
            <root url="jrt://C:/Users/yuu_harada/.jdks/azul-15.0.8!/java.sql.rowset" type="simple" />
            <root url="jrt://C:/Users/yuu_harada/.jdks/azul-15.0.8!/java.transaction.xa" type="simple" />
            <root url="jrt://C:/Users/yuu_harada/.jdks/azul-15.0.8!/java.xml" type="simple" />
            <root url="jrt://C:/Users/yuu_harada/.jdks/azul-15.0.8!/java.xml.crypto" type="simple" />
            <root url="jrt://C:/Users/yuu_harada/.jdks/azul-15.0.8!/jdk.accessibility" type="simple" />
            <root url="jrt://C:/Users/yuu_harada/.jdks/azul-15.0.8!/jdk.aot" type="simple" />
            <root url="jrt://C:/Users/yuu_harada/.jdks/azul-15.0.8!/jdk.attach" type="simple" />
            <root url="jrt://C:/Users/yuu_harada/.jdks/azul-15.0.8!/jdk.charsets" type="simple" />
            <root url="jrt://C:/Users/yuu_harada/.jdks/azul-15.0.8!/jdk.compiler" type="simple" />
            <root url="jrt://C:/Users/yuu_harada/.jdks/azul-15.0.8!/jdk.crypto.cryptoki" type="simple" />
            <root url="jrt://C:/Users/yuu_harada/.jdks/azul-15.0.8!/jdk.crypto.ec" type="simple" />
            <root url="jrt://C:/Users/yuu_harada/.jdks/azul-15.0.8!/jdk.crypto.mscapi" type="simple" />
            <root url="jrt://C:/Users/yuu_harada/.jdks/azul-15.0.8!/jdk.dynalink" type="simple" />
            <root url="jrt://C:/Users/yuu_harada/.jdks/azul-15.0.8!/jdk.editpad" type="simple" />
            <root url="jrt://C:/Users/yuu_harada/.jdks/azul-15.0.8!/jdk.hotspot.agent" type="simple" />
            <root url="jrt://C:/Users/yuu_harada/.jdks/azul-15.0.8!/jdk.httpserver" type="simple" />
            <root url="jrt://C:/Users/yuu_harada/.jdks/azul-15.0.8!/jdk.incubator.foreign" type="simple" />
            <root url="jrt://C:/Users/yuu_harada/.jdks/azul-15.0.8!/jdk.incubator.jpackage" type="simple" />
            <root url="jrt://C:/Users/yuu_harada/.jdks/azul-15.0.8!/jdk.internal.ed" type="simple" />
            <root url="jrt://C:/Users/yuu_harada/.jdks/azul-15.0.8!/jdk.internal.jvmstat" type="simple" />
            <root url="jrt://C:/Users/yuu_harada/.jdks/azul-15.0.8!/jdk.internal.le" type="simple" />
            <root url="jrt://C:/Users/yuu_harada/.jdks/azul-15.0.8!/jdk.internal.opt" type="simple" />
            <root url="jrt://C:/Users/yuu_harada/.jdks/azul-15.0.8!/jdk.internal.vm.ci" type="simple" />
            <root url="jrt://C:/Users/yuu_harada/.jdks/azul-15.0.8!/jdk.internal.vm.compiler" type="simple" />
            <root url="jrt://C:/Users/yuu_harada/.jdks/azul-15.0.8!/jdk.internal.vm.compiler.management" type="simple" />
            <root url="jrt://C:/Users/yuu_harada/.jdks/azul-15.0.8!/jdk.jartool" type="simple" />
            <root url="jrt://C:/Users/yuu_harada/.jdks/azul-15.0.8!/jdk.javadoc" type="simple" />
            <root url="jrt://C:/Users/yuu_harada/.jdks/azul-15.0.8!/jdk.jcmd" type="simple" />
            <root url="jrt://C:/Users/yuu_harada/.jdks/azul-15.0.8!/jdk.jconsole" type="simple" />
            <root url="jrt://C:/Users/yuu_harada/.jdks/azul-15.0.8!/jdk.jdeps" type="simple" />
            <root url="jrt://C:/Users/yuu_harada/.jdks/azul-15.0.8!/jdk.jdi" type="simple" />
            <root url="jrt://C:/Users/yuu_harada/.jdks/azul-15.0.8!/jdk.jdwp.agent" type="simple" />
            <root url="jrt://C:/Users/yuu_harada/.jdks/azul-15.0.8!/jdk.jfr" type="simple" />
            <root url="jrt://C:/Users/yuu_harada/.jdks/azul-15.0.8!/jdk.jlink" type="simple" />
            <root url="jrt://C:/Users/yuu_harada/.jdks/azul-15.0.8!/jdk.jshell" type="simple" />
            <root url="jrt://C:/Users/yuu_harada/.jdks/azul-15.0.8!/jdk.jsobject" type="simple" />
            <root url="jrt://C:/Users/yuu_harada/.jdks/azul-15.0.8!/jdk.jstatd" type="simple" />
            <root url="jrt://C:/Users/yuu_harada/.jdks/azul-15.0.8!/jdk.localedata" type="simple" />
            <root url="jrt://C:/Users/yuu_harada/.jdks/azul-15.0.8!/jdk.management" type="simple" />
            <root url="jrt://C:/Users/yuu_harada/.jdks/azul-15.0.8!/jdk.management.agent" type="simple" />
            <root url="jrt://C:/Users/yuu_harada/.jdks/azul-15.0.8!/jdk.management.jfr" type="simple" />
            <root url="jrt://C:/Users/yuu_harada/.jdks/azul-15.0.8!/jdk.naming.dns" type="simple" />
            <root url="jrt://C:/Users/yuu_harada/.jdks/azul-15.0.8!/jdk.naming.rmi" type="simple" />
            <root url="jrt://C:/Users/yuu_harada/.jdks/azul-15.0.8!/jdk.net" type="simple" />
            <root url="jrt://C:/Users/yuu_harada/.jdks/azul-15.0.8!/jdk.nio.mapmode" type="simple" />
            <root url="jrt://C:/Users/yuu_harada/.jdks/azul-15.0.8!/jdk.sctp" type="simple" />
            <root url="jrt://C:/Users/yuu_harada/.jdks/azul-15.0.8!/jdk.security.auth" type="simple" />
            <root url="jrt://C:/Users/yuu_harada/.jdks/azul-15.0.8!/jdk.security.jgss" type="simple" />
            <root url="jrt://C:/Users/yuu_harada/.jdks/azul-15.0.8!/jdk.unsupported" type="simple" />
            <root url="jrt://C:/Users/yuu_harada/.jdks/azul-15.0.8!/jdk.unsupported.desktop" type="simple" />
            <root url="jrt://C:/Users/yuu_harada/.jdks/azul-15.0.8!/jdk.xml.dom" type="simple" />
            <root url="jrt://C:/Users/yuu_harada/.jdks/azul-15.0.8!/jdk.zipfs" type="simple" />
          </root>
        </classPath>
        <javadocPath>
          <root type="composite" />
        </javadocPath>
        <sourcePath>
          <root type="composite">
            <root url="jar://$USER_HOME$/.jdks/azul-15.0.8/lib/src.zip!/java.se" type="simple" />
            <root url="jar://$USER_HOME$/.jdks/azul-15.0.8/lib/src.zip!/jdk.aot" type="simple" />
            <root url="jar://$USER_HOME$/.jdks/azul-15.0.8/lib/src.zip!/jdk.jdi" type="simple" />
            <root url="jar://$USER_HOME$/.jdks/azul-15.0.8/lib/src.zip!/jdk.jfr" type="simple" />
            <root url="jar://$USER_HOME$/.jdks/azul-15.0.8/lib/src.zip!/jdk.net" type="simple" />
            <root url="jar://$USER_HOME$/.jdks/azul-15.0.8/lib/src.zip!/java.rmi" type="simple" />
            <root url="jar://$USER_HOME$/.jdks/azul-15.0.8/lib/src.zip!/java.sql" type="simple" />
            <root url="jar://$USER_HOME$/.jdks/azul-15.0.8/lib/src.zip!/java.xml" type="simple" />
            <root url="jar://$USER_HOME$/.jdks/azul-15.0.8/lib/src.zip!/jdk.jcmd" type="simple" />
            <root url="jar://$USER_HOME$/.jdks/azul-15.0.8/lib/src.zip!/jdk.sctp" type="simple" />
            <root url="jar://$USER_HOME$/.jdks/azul-15.0.8/lib/src.zip!/java.base" type="simple" />
            <root url="jar://$USER_HOME$/.jdks/azul-15.0.8/lib/src.zip!/jdk.jdeps" type="simple" />
            <root url="jar://$USER_HOME$/.jdks/azul-15.0.8/lib/src.zip!/jdk.jlink" type="simple" />
            <root url="jar://$USER_HOME$/.jdks/azul-15.0.8/lib/src.zip!/jdk.zipfs" type="simple" />
            <root url="jar://$USER_HOME$/.jdks/azul-15.0.8/lib/src.zip!/java.prefs" type="simple" />
            <root url="jar://$USER_HOME$/.jdks/azul-15.0.8/lib/src.zip!/jdk.attach" type="simple" />
            <root url="jar://$USER_HOME$/.jdks/azul-15.0.8/lib/src.zip!/jdk.jshell" type="simple" />
            <root url="jar://$USER_HOME$/.jdks/azul-15.0.8/lib/src.zip!/jdk.jstatd" type="simple" />
            <root url="jar://$USER_HOME$/.jdks/azul-15.0.8/lib/src.zip!/java.naming" type="simple" />
            <root url="jar://$USER_HOME$/.jdks/azul-15.0.8/lib/src.zip!/jdk.editpad" type="simple" />
            <root url="jar://$USER_HOME$/.jdks/azul-15.0.8/lib/src.zip!/jdk.jartool" type="simple" />
            <root url="jar://$USER_HOME$/.jdks/azul-15.0.8/lib/src.zip!/jdk.javadoc" type="simple" />
            <root url="jar://$USER_HOME$/.jdks/azul-15.0.8/lib/src.zip!/jdk.xml.dom" type="simple" />
            <root url="jar://$USER_HOME$/.jdks/azul-15.0.8/lib/src.zip!/java.desktop" type="simple" />
            <root url="jar://$USER_HOME$/.jdks/azul-15.0.8/lib/src.zip!/java.logging" type="simple" />
            <root url="jar://$USER_HOME$/.jdks/azul-15.0.8/lib/src.zip!/jdk.charsets" type="simple" />
            <root url="jar://$USER_HOME$/.jdks/azul-15.0.8/lib/src.zip!/jdk.compiler" type="simple" />
            <root url="jar://$USER_HOME$/.jdks/azul-15.0.8/lib/src.zip!/jdk.dynalink" type="simple" />
            <root url="jar://$USER_HOME$/.jdks/azul-15.0.8/lib/src.zip!/jdk.jconsole" type="simple" />
            <root url="jar://$USER_HOME$/.jdks/azul-15.0.8/lib/src.zip!/jdk.jsobject" type="simple" />
            <root url="jar://$USER_HOME$/.jdks/azul-15.0.8/lib/src.zip!/java.compiler" type="simple" />
            <root url="jar://$USER_HOME$/.jdks/azul-15.0.8/lib/src.zip!/java.net.http" type="simple" />
            <root url="jar://$USER_HOME$/.jdks/azul-15.0.8/lib/src.zip!/jdk.crypto.ec" type="simple" />
            <root url="jar://$USER_HOME$/.jdks/azul-15.0.8/lib/src.zip!/java.scripting" type="simple" />
            <root url="jar://$USER_HOME$/.jdks/azul-15.0.8/lib/src.zip!/jdk.httpserver" type="simple" />
            <root url="jar://$USER_HOME$/.jdks/azul-15.0.8/lib/src.zip!/jdk.jdwp.agent" type="simple" />
            <root url="jar://$USER_HOME$/.jdks/azul-15.0.8/lib/src.zip!/jdk.localedata" type="simple" />
            <root url="jar://$USER_HOME$/.jdks/azul-15.0.8/lib/src.zip!/jdk.management" type="simple" />
            <root url="jar://$USER_HOME$/.jdks/azul-15.0.8/lib/src.zip!/jdk.naming.dns" type="simple" />
            <root url="jar://$USER_HOME$/.jdks/azul-15.0.8/lib/src.zip!/jdk.naming.rmi" type="simple" />
            <root url="jar://$USER_HOME$/.jdks/azul-15.0.8/lib/src.zip!/java.instrument" type="simple" />
            <root url="jar://$USER_HOME$/.jdks/azul-15.0.8/lib/src.zip!/java.management" type="simple" />
            <root url="jar://$USER_HOME$/.jdks/azul-15.0.8/lib/src.zip!/java.sql.rowset" type="simple" />
            <root url="jar://$USER_HOME$/.jdks/azul-15.0.8/lib/src.zip!/java.xml.crypto" type="simple" />
            <root url="jar://$USER_HOME$/.jdks/azul-15.0.8/lib/src.zip!/jdk.internal.ed" type="simple" />
            <root url="jar://$USER_HOME$/.jdks/azul-15.0.8/lib/src.zip!/jdk.internal.le" type="simple" />
            <root url="jar://$USER_HOME$/.jdks/azul-15.0.8/lib/src.zip!/jdk.nio.mapmode" type="simple" />
            <root url="jar://$USER_HOME$/.jdks/azul-15.0.8/lib/src.zip!/jdk.unsupported" type="simple" />
            <root url="jar://$USER_HOME$/.jdks/azul-15.0.8/lib/src.zip!/java.smartcardio" type="simple" />
            <root url="jar://$USER_HOME$/.jdks/azul-15.0.8/lib/src.zip!/jdk.internal.opt" type="simple" />
            <root url="jar://$USER_HOME$/.jdks/azul-15.0.8/lib/src.zip!/java.datatransfer" type="simple" />
            <root url="jar://$USER_HOME$/.jdks/azul-15.0.8/lib/src.zip!/jdk.accessibility" type="simple" />
            <root url="jar://$USER_HOME$/.jdks/azul-15.0.8/lib/src.zip!/jdk.crypto.mscapi" type="simple" />
            <root url="jar://$USER_HOME$/.jdks/azul-15.0.8/lib/src.zip!/jdk.hotspot.agent" type="simple" />
            <root url="jar://$USER_HOME$/.jdks/azul-15.0.8/lib/src.zip!/jdk.security.auth" type="simple" />
            <root url="jar://$USER_HOME$/.jdks/azul-15.0.8/lib/src.zip!/jdk.security.jgss" type="simple" />
            <root url="jar://$USER_HOME$/.jdks/azul-15.0.8/lib/src.zip!/java.security.jgss" type="simple" />
            <root url="jar://$USER_HOME$/.jdks/azul-15.0.8/lib/src.zip!/java.security.sasl" type="simple" />
            <root url="jar://$USER_HOME$/.jdks/azul-15.0.8/lib/src.zip!/jdk.internal.vm.ci" type="simple" />
            <root url="jar://$USER_HOME$/.jdks/azul-15.0.8/lib/src.zip!/jdk.management.jfr" type="simple" />
            <root url="jar://$USER_HOME$/.jdks/azul-15.0.8/lib/src.zip!/java.management.rmi" type="simple" />
            <root url="jar://$USER_HOME$/.jdks/azul-15.0.8/lib/src.zip!/java.transaction.xa" type="simple" />
            <root url="jar://$USER_HOME$/.jdks/azul-15.0.8/lib/src.zip!/jdk.crypto.cryptoki" type="simple" />
            <root url="jar://$USER_HOME$/.jdks/azul-15.0.8/lib/src.zip!/jdk.internal.jvmstat" type="simple" />
            <root url="jar://$USER_HOME$/.jdks/azul-15.0.8/lib/src.zip!/jdk.management.agent" type="simple" />
            <root url="jar://$USER_HOME$/.jdks/azul-15.0.8/lib/src.zip!/jdk.incubator.foreign" type="simple" />
            <root url="jar://$USER_HOME$/.jdks/azul-15.0.8/lib/src.zip!/jdk.incubator.jpackage" type="simple" />
            <root url="jar://$USER_HOME$/.jdks/azul-15.0.8/lib/src.zip!/jdk.unsupported.desktop" type="simple" />
            <root url="jar://$USER_HOME$/.jdks/azul-15.0.8/lib/src.zip!/jdk.internal.vm.compiler" type="simple" />
            <root url="jar://$USER_HOME$/.jdks/azul-15.0.8/lib/src.zip!/jdk.internal.vm.compiler.management" type="simple" />
          </root>
        </sourcePath>
      </roots>
      <additional />
    </jdk>
    <jdk version="2">
      <name value="azul-15" />
      <type value="JavaSDK" />
      <version value="Azul Zulu Community™ version 15.0.6" />
      <homePath value="$USER_HOME$/.jdks/azul-15.0.6" />
      <roots>
        <annotationsPath>
          <root type="composite">
            <root url="jar://$APPLICATION_HOME_DIR$/plugins/java/lib/jdkAnnotations.jar!/" type="simple" />
          </root>
        </annotationsPath>
        <classPath>
          <root type="composite">
            <root url="jrt://C:/Users/yuu_harada/.jdks/azul-15.0.6!/java.base" type="simple" />
            <root url="jrt://C:/Users/yuu_harada/.jdks/azul-15.0.6!/java.compiler" type="simple" />
            <root url="jrt://C:/Users/yuu_harada/.jdks/azul-15.0.6!/java.datatransfer" type="simple" />
            <root url="jrt://C:/Users/yuu_harada/.jdks/azul-15.0.6!/java.desktop" type="simple" />
            <root url="jrt://C:/Users/yuu_harada/.jdks/azul-15.0.6!/java.instrument" type="simple" />
            <root url="jrt://C:/Users/yuu_harada/.jdks/azul-15.0.6!/java.logging" type="simple" />
            <root url="jrt://C:/Users/yuu_harada/.jdks/azul-15.0.6!/java.management" type="simple" />
            <root url="jrt://C:/Users/yuu_harada/.jdks/azul-15.0.6!/java.management.rmi" type="simple" />
            <root url="jrt://C:/Users/yuu_harada/.jdks/azul-15.0.6!/java.naming" type="simple" />
            <root url="jrt://C:/Users/yuu_harada/.jdks/azul-15.0.6!/java.net.http" type="simple" />
            <root url="jrt://C:/Users/yuu_harada/.jdks/azul-15.0.6!/java.prefs" type="simple" />
            <root url="jrt://C:/Users/yuu_harada/.jdks/azul-15.0.6!/java.rmi" type="simple" />
            <root url="jrt://C:/Users/yuu_harada/.jdks/azul-15.0.6!/java.scripting" type="simple" />
            <root url="jrt://C:/Users/yuu_harada/.jdks/azul-15.0.6!/java.se" type="simple" />
            <root url="jrt://C:/Users/yuu_harada/.jdks/azul-15.0.6!/java.security.jgss" type="simple" />
            <root url="jrt://C:/Users/yuu_harada/.jdks/azul-15.0.6!/java.security.sasl" type="simple" />
            <root url="jrt://C:/Users/yuu_harada/.jdks/azul-15.0.6!/java.smartcardio" type="simple" />
            <root url="jrt://C:/Users/yuu_harada/.jdks/azul-15.0.6!/java.sql" type="simple" />
            <root url="jrt://C:/Users/yuu_harada/.jdks/azul-15.0.6!/java.sql.rowset" type="simple" />
            <root url="jrt://C:/Users/yuu_harada/.jdks/azul-15.0.6!/java.transaction.xa" type="simple" />
            <root url="jrt://C:/Users/yuu_harada/.jdks/azul-15.0.6!/java.xml" type="simple" />
            <root url="jrt://C:/Users/yuu_harada/.jdks/azul-15.0.6!/java.xml.crypto" type="simple" />
            <root url="jrt://C:/Users/yuu_harada/.jdks/azul-15.0.6!/jdk.accessibility" type="simple" />
            <root url="jrt://C:/Users/yuu_harada/.jdks/azul-15.0.6!/jdk.aot" type="simple" />
            <root url="jrt://C:/Users/yuu_harada/.jdks/azul-15.0.6!/jdk.attach" type="simple" />
            <root url="jrt://C:/Users/yuu_harada/.jdks/azul-15.0.6!/jdk.charsets" type="simple" />
            <root url="jrt://C:/Users/yuu_harada/.jdks/azul-15.0.6!/jdk.compiler" type="simple" />
            <root url="jrt://C:/Users/yuu_harada/.jdks/azul-15.0.6!/jdk.crypto.cryptoki" type="simple" />
            <root url="jrt://C:/Users/yuu_harada/.jdks/azul-15.0.6!/jdk.crypto.ec" type="simple" />
            <root url="jrt://C:/Users/yuu_harada/.jdks/azul-15.0.6!/jdk.crypto.mscapi" type="simple" />
            <root url="jrt://C:/Users/yuu_harada/.jdks/azul-15.0.6!/jdk.dynalink" type="simple" />
            <root url="jrt://C:/Users/yuu_harada/.jdks/azul-15.0.6!/jdk.editpad" type="simple" />
            <root url="jrt://C:/Users/yuu_harada/.jdks/azul-15.0.6!/jdk.hotspot.agent" type="simple" />
            <root url="jrt://C:/Users/yuu_harada/.jdks/azul-15.0.6!/jdk.httpserver" type="simple" />
            <root url="jrt://C:/Users/yuu_harada/.jdks/azul-15.0.6!/jdk.incubator.foreign" type="simple" />
            <root url="jrt://C:/Users/yuu_harada/.jdks/azul-15.0.6!/jdk.incubator.jpackage" type="simple" />
            <root url="jrt://C:/Users/yuu_harada/.jdks/azul-15.0.6!/jdk.internal.ed" type="simple" />
            <root url="jrt://C:/Users/yuu_harada/.jdks/azul-15.0.6!/jdk.internal.jvmstat" type="simple" />
            <root url="jrt://C:/Users/yuu_harada/.jdks/azul-15.0.6!/jdk.internal.le" type="simple" />
            <root url="jrt://C:/Users/yuu_harada/.jdks/azul-15.0.6!/jdk.internal.opt" type="simple" />
            <root url="jrt://C:/Users/yuu_harada/.jdks/azul-15.0.6!/jdk.internal.vm.ci" type="simple" />
            <root url="jrt://C:/Users/yuu_harada/.jdks/azul-15.0.6!/jdk.internal.vm.compiler" type="simple" />
            <root url="jrt://C:/Users/yuu_harada/.jdks/azul-15.0.6!/jdk.internal.vm.compiler.management" type="simple" />
            <root url="jrt://C:/Users/yuu_harada/.jdks/azul-15.0.6!/jdk.jartool" type="simple" />
            <root url="jrt://C:/Users/yuu_harada/.jdks/azul-15.0.6!/jdk.javadoc" type="simple" />
            <root url="jrt://C:/Users/yuu_harada/.jdks/azul-15.0.6!/jdk.jcmd" type="simple" />
            <root url="jrt://C:/Users/yuu_harada/.jdks/azul-15.0.6!/jdk.jconsole" type="simple" />
            <root url="jrt://C:/Users/yuu_harada/.jdks/azul-15.0.6!/jdk.jdeps" type="simple" />
            <root url="jrt://C:/Users/yuu_harada/.jdks/azul-15.0.6!/jdk.jdi" type="simple" />
            <root url="jrt://C:/Users/yuu_harada/.jdks/azul-15.0.6!/jdk.jdwp.agent" type="simple" />
            <root url="jrt://C:/Users/yuu_harada/.jdks/azul-15.0.6!/jdk.jfr" type="simple" />
            <root url="jrt://C:/Users/yuu_harada/.jdks/azul-15.0.6!/jdk.jlink" type="simple" />
            <root url="jrt://C:/Users/yuu_harada/.jdks/azul-15.0.6!/jdk.jshell" type="simple" />
            <root url="jrt://C:/Users/yuu_harada/.jdks/azul-15.0.6!/jdk.jsobject" type="simple" />
            <root url="jrt://C:/Users/yuu_harada/.jdks/azul-15.0.6!/jdk.jstatd" type="simple" />
            <root url="jrt://C:/Users/yuu_harada/.jdks/azul-15.0.6!/jdk.localedata" type="simple" />
            <root url="jrt://C:/Users/yuu_harada/.jdks/azul-15.0.6!/jdk.management" type="simple" />
            <root url="jrt://C:/Users/yuu_harada/.jdks/azul-15.0.6!/jdk.management.agent" type="simple" />
            <root url="jrt://C:/Users/yuu_harada/.jdks/azul-15.0.6!/jdk.management.jfr" type="simple" />
            <root url="jrt://C:/Users/yuu_harada/.jdks/azul-15.0.6!/jdk.naming.dns" type="simple" />
            <root url="jrt://C:/Users/yuu_harada/.jdks/azul-15.0.6!/jdk.naming.rmi" type="simple" />
            <root url="jrt://C:/Users/yuu_harada/.jdks/azul-15.0.6!/jdk.net" type="simple" />
            <root url="jrt://C:/Users/yuu_harada/.jdks/azul-15.0.6!/jdk.nio.mapmode" type="simple" />
            <root url="jrt://C:/Users/yuu_harada/.jdks/azul-15.0.6!/jdk.sctp" type="simple" />
            <root url="jrt://C:/Users/yuu_harada/.jdks/azul-15.0.6!/jdk.security.auth" type="simple" />
            <root url="jrt://C:/Users/yuu_harada/.jdks/azul-15.0.6!/jdk.security.jgss" type="simple" />
            <root url="jrt://C:/Users/yuu_harada/.jdks/azul-15.0.6!/jdk.unsupported" type="simple" />
            <root url="jrt://C:/Users/yuu_harada/.jdks/azul-15.0.6!/jdk.unsupported.desktop" type="simple" />
            <root url="jrt://C:/Users/yuu_harada/.jdks/azul-15.0.6!/jdk.xml.dom" type="simple" />
            <root url="jrt://C:/Users/yuu_harada/.jdks/azul-15.0.6!/jdk.zipfs" type="simple" />
          </root>
        </classPath>
        <javadocPath>
          <root type="composite" />
        </javadocPath>
        <sourcePath>
          <root type="composite">
            <root url="jar://$USER_HOME$/.jdks/azul-15.0.6/lib/src.zip!/java.se" type="simple" />
            <root url="jar://$USER_HOME$/.jdks/azul-15.0.6/lib/src.zip!/jdk.aot" type="simple" />
            <root url="jar://$USER_HOME$/.jdks/azul-15.0.6/lib/src.zip!/jdk.jdi" type="simple" />
            <root url="jar://$USER_HOME$/.jdks/azul-15.0.6/lib/src.zip!/jdk.jfr" type="simple" />
            <root url="jar://$USER_HOME$/.jdks/azul-15.0.6/lib/src.zip!/jdk.net" type="simple" />
            <root url="jar://$USER_HOME$/.jdks/azul-15.0.6/lib/src.zip!/java.rmi" type="simple" />
            <root url="jar://$USER_HOME$/.jdks/azul-15.0.6/lib/src.zip!/java.sql" type="simple" />
            <root url="jar://$USER_HOME$/.jdks/azul-15.0.6/lib/src.zip!/java.xml" type="simple" />
            <root url="jar://$USER_HOME$/.jdks/azul-15.0.6/lib/src.zip!/jdk.jcmd" type="simple" />
            <root url="jar://$USER_HOME$/.jdks/azul-15.0.6/lib/src.zip!/jdk.sctp" type="simple" />
            <root url="jar://$USER_HOME$/.jdks/azul-15.0.6/lib/src.zip!/java.base" type="simple" />
            <root url="jar://$USER_HOME$/.jdks/azul-15.0.6/lib/src.zip!/jdk.jdeps" type="simple" />
            <root url="jar://$USER_HOME$/.jdks/azul-15.0.6/lib/src.zip!/jdk.jlink" type="simple" />
            <root url="jar://$USER_HOME$/.jdks/azul-15.0.6/lib/src.zip!/jdk.zipfs" type="simple" />
            <root url="jar://$USER_HOME$/.jdks/azul-15.0.6/lib/src.zip!/java.prefs" type="simple" />
            <root url="jar://$USER_HOME$/.jdks/azul-15.0.6/lib/src.zip!/jdk.attach" type="simple" />
            <root url="jar://$USER_HOME$/.jdks/azul-15.0.6/lib/src.zip!/jdk.jshell" type="simple" />
            <root url="jar://$USER_HOME$/.jdks/azul-15.0.6/lib/src.zip!/jdk.jstatd" type="simple" />
            <root url="jar://$USER_HOME$/.jdks/azul-15.0.6/lib/src.zip!/java.naming" type="simple" />
            <root url="jar://$USER_HOME$/.jdks/azul-15.0.6/lib/src.zip!/jdk.editpad" type="simple" />
            <root url="jar://$USER_HOME$/.jdks/azul-15.0.6/lib/src.zip!/jdk.jartool" type="simple" />
            <root url="jar://$USER_HOME$/.jdks/azul-15.0.6/lib/src.zip!/jdk.javadoc" type="simple" />
            <root url="jar://$USER_HOME$/.jdks/azul-15.0.6/lib/src.zip!/jdk.xml.dom" type="simple" />
            <root url="jar://$USER_HOME$/.jdks/azul-15.0.6/lib/src.zip!/java.desktop" type="simple" />
            <root url="jar://$USER_HOME$/.jdks/azul-15.0.6/lib/src.zip!/java.logging" type="simple" />
            <root url="jar://$USER_HOME$/.jdks/azul-15.0.6/lib/src.zip!/jdk.charsets" type="simple" />
            <root url="jar://$USER_HOME$/.jdks/azul-15.0.6/lib/src.zip!/jdk.compiler" type="simple" />
            <root url="jar://$USER_HOME$/.jdks/azul-15.0.6/lib/src.zip!/jdk.dynalink" type="simple" />
            <root url="jar://$USER_HOME$/.jdks/azul-15.0.6/lib/src.zip!/jdk.jconsole" type="simple" />
            <root url="jar://$USER_HOME$/.jdks/azul-15.0.6/lib/src.zip!/jdk.jsobject" type="simple" />
            <root url="jar://$USER_HOME$/.jdks/azul-15.0.6/lib/src.zip!/java.compiler" type="simple" />
            <root url="jar://$USER_HOME$/.jdks/azul-15.0.6/lib/src.zip!/java.net.http" type="simple" />
            <root url="jar://$USER_HOME$/.jdks/azul-15.0.6/lib/src.zip!/jdk.crypto.ec" type="simple" />
            <root url="jar://$USER_HOME$/.jdks/azul-15.0.6/lib/src.zip!/java.scripting" type="simple" />
            <root url="jar://$USER_HOME$/.jdks/azul-15.0.6/lib/src.zip!/jdk.httpserver" type="simple" />
            <root url="jar://$USER_HOME$/.jdks/azul-15.0.6/lib/src.zip!/jdk.jdwp.agent" type="simple" />
            <root url="jar://$USER_HOME$/.jdks/azul-15.0.6/lib/src.zip!/jdk.localedata" type="simple" />
            <root url="jar://$USER_HOME$/.jdks/azul-15.0.6/lib/src.zip!/jdk.management" type="simple" />
            <root url="jar://$USER_HOME$/.jdks/azul-15.0.6/lib/src.zip!/jdk.naming.dns" type="simple" />
            <root url="jar://$USER_HOME$/.jdks/azul-15.0.6/lib/src.zip!/jdk.naming.rmi" type="simple" />
            <root url="jar://$USER_HOME$/.jdks/azul-15.0.6/lib/src.zip!/java.instrument" type="simple" />
            <root url="jar://$USER_HOME$/.jdks/azul-15.0.6/lib/src.zip!/java.management" type="simple" />
            <root url="jar://$USER_HOME$/.jdks/azul-15.0.6/lib/src.zip!/java.sql.rowset" type="simple" />
            <root url="jar://$USER_HOME$/.jdks/azul-15.0.6/lib/src.zip!/java.xml.crypto" type="simple" />
            <root url="jar://$USER_HOME$/.jdks/azul-15.0.6/lib/src.zip!/jdk.internal.ed" type="simple" />
            <root url="jar://$USER_HOME$/.jdks/azul-15.0.6/lib/src.zip!/jdk.internal.le" type="simple" />
            <root url="jar://$USER_HOME$/.jdks/azul-15.0.6/lib/src.zip!/jdk.nio.mapmode" type="simple" />
            <root url="jar://$USER_HOME$/.jdks/azul-15.0.6/lib/src.zip!/jdk.unsupported" type="simple" />
            <root url="jar://$USER_HOME$/.jdks/azul-15.0.6/lib/src.zip!/java.smartcardio" type="simple" />
            <root url="jar://$USER_HOME$/.jdks/azul-15.0.6/lib/src.zip!/jdk.internal.opt" type="simple" />
            <root url="jar://$USER_HOME$/.jdks/azul-15.0.6/lib/src.zip!/java.datatransfer" type="simple" />
            <root url="jar://$USER_HOME$/.jdks/azul-15.0.6/lib/src.zip!/jdk.accessibility" type="simple" />
            <root url="jar://$USER_HOME$/.jdks/azul-15.0.6/lib/src.zip!/jdk.crypto.mscapi" type="simple" />
            <root url="jar://$USER_HOME$/.jdks/azul-15.0.6/lib/src.zip!/jdk.hotspot.agent" type="simple" />
            <root url="jar://$USER_HOME$/.jdks/azul-15.0.6/lib/src.zip!/jdk.security.auth" type="simple" />
            <root url="jar://$USER_HOME$/.jdks/azul-15.0.6/lib/src.zip!/jdk.security.jgss" type="simple" />
            <root url="jar://$USER_HOME$/.jdks/azul-15.0.6/lib/src.zip!/java.security.jgss" type="simple" />
            <root url="jar://$USER_HOME$/.jdks/azul-15.0.6/lib/src.zip!/java.security.sasl" type="simple" />
            <root url="jar://$USER_HOME$/.jdks/azul-15.0.6/lib/src.zip!/jdk.internal.vm.ci" type="simple" />
            <root url="jar://$USER_HOME$/.jdks/azul-15.0.6/lib/src.zip!/jdk.management.jfr" type="simple" />
            <root url="jar://$USER_HOME$/.jdks/azul-15.0.6/lib/src.zip!/java.management.rmi" type="simple" />
            <root url="jar://$USER_HOME$/.jdks/azul-15.0.6/lib/src.zip!/java.transaction.xa" type="simple" />
            <root url="jar://$USER_HOME$/.jdks/azul-15.0.6/lib/src.zip!/jdk.crypto.cryptoki" type="simple" />
            <root url="jar://$USER_HOME$/.jdks/azul-15.0.6/lib/src.zip!/jdk.internal.jvmstat" type="simple" />
            <root url="jar://$USER_HOME$/.jdks/azul-15.0.6/lib/src.zip!/jdk.management.agent" type="simple" />
            <root url="jar://$USER_HOME$/.jdks/azul-15.0.6/lib/src.zip!/jdk.incubator.foreign" type="simple" />
            <root url="jar://$USER_HOME$/.jdks/azul-15.0.6/lib/src.zip!/jdk.incubator.jpackage" type="simple" />
            <root url="jar://$USER_HOME$/.jdks/azul-15.0.6/lib/src.zip!/jdk.unsupported.desktop" type="simple" />
            <root url="jar://$USER_HOME$/.jdks/azul-15.0.6/lib/src.zip!/jdk.internal.vm.compiler" type="simple" />
            <root url="jar://$USER_HOME$/.jdks/azul-15.0.6/lib/src.zip!/jdk.internal.vm.compiler.management" type="simple" />
          </root>
        </sourcePath>
      </roots>
      <additional />
    </jdk>
    <jdk version="2">
      <name value="11" />
      <type value="JavaSDK" />
      <version value="version 11.0.12" />
      <homePath value="$APPLICATION_HOME_DIR$/jre" />
      <roots>
        <annotationsPath>
          <root type="composite">
            <root url="jar://$APPLICATION_HOME_DIR$/plugins/java/lib/jdkAnnotations.jar!/" type="simple" />
          </root>
        </annotationsPath>
        <classPath>
          <root type="composite">
            <root url="jrt://C:/Program Files/Android/AndroidStudio/jre!/java.base" type="simple" />
            <root url="jrt://C:/Program Files/Android/AndroidStudio/jre!/java.compiler" type="simple" />
            <root url="jrt://C:/Program Files/Android/AndroidStudio/jre!/java.datatransfer" type="simple" />
            <root url="jrt://C:/Program Files/Android/AndroidStudio/jre!/java.desktop" type="simple" />
            <root url="jrt://C:/Program Files/Android/AndroidStudio/jre!/java.instrument" type="simple" />
            <root url="jrt://C:/Program Files/Android/AndroidStudio/jre!/java.logging" type="simple" />
            <root url="jrt://C:/Program Files/Android/AndroidStudio/jre!/java.management" type="simple" />
            <root url="jrt://C:/Program Files/Android/AndroidStudio/jre!/java.management.rmi" type="simple" />
            <root url="jrt://C:/Program Files/Android/AndroidStudio/jre!/java.naming" type="simple" />
            <root url="jrt://C:/Program Files/Android/AndroidStudio/jre!/java.net.http" type="simple" />
            <root url="jrt://C:/Program Files/Android/AndroidStudio/jre!/java.prefs" type="simple" />
            <root url="jrt://C:/Program Files/Android/AndroidStudio/jre!/java.rmi" type="simple" />
            <root url="jrt://C:/Program Files/Android/AndroidStudio/jre!/java.scripting" type="simple" />
            <root url="jrt://C:/Program Files/Android/AndroidStudio/jre!/java.se" type="simple" />
            <root url="jrt://C:/Program Files/Android/AndroidStudio/jre!/java.security.jgss" type="simple" />
            <root url="jrt://C:/Program Files/Android/AndroidStudio/jre!/java.security.sasl" type="simple" />
            <root url="jrt://C:/Program Files/Android/AndroidStudio/jre!/java.smartcardio" type="simple" />
            <root url="jrt://C:/Program Files/Android/AndroidStudio/jre!/java.sql" type="simple" />
            <root url="jrt://C:/Program Files/Android/AndroidStudio/jre!/java.sql.rowset" type="simple" />
            <root url="jrt://C:/Program Files/Android/AndroidStudio/jre!/java.transaction.xa" type="simple" />
            <root url="jrt://C:/Program Files/Android/AndroidStudio/jre!/java.xml" type="simple" />
            <root url="jrt://C:/Program Files/Android/AndroidStudio/jre!/java.xml.crypto" type="simple" />
            <root url="jrt://C:/Program Files/Android/AndroidStudio/jre!/jdk.accessibility" type="simple" />
            <root url="jrt://C:/Program Files/Android/AndroidStudio/jre!/jdk.aot" type="simple" />
            <root url="jrt://C:/Program Files/Android/AndroidStudio/jre!/jdk.attach" type="simple" />
            <root url="jrt://C:/Program Files/Android/AndroidStudio/jre!/jdk.charsets" type="simple" />
            <root url="jrt://C:/Program Files/Android/AndroidStudio/jre!/jdk.compiler" type="simple" />
            <root url="jrt://C:/Program Files/Android/AndroidStudio/jre!/jdk.crypto.cryptoki" type="simple" />
            <root url="jrt://C:/Program Files/Android/AndroidStudio/jre!/jdk.crypto.ec" type="simple" />
            <root url="jrt://C:/Program Files/Android/AndroidStudio/jre!/jdk.dynalink" type="simple" />
            <root url="jrt://C:/Program Files/Android/AndroidStudio/jre!/jdk.hotspot.agent" type="simple" />
            <root url="jrt://C:/Program Files/Android/AndroidStudio/jre!/jdk.httpserver" type="simple" />
            <root url="jrt://C:/Program Files/Android/AndroidStudio/jre!/jdk.internal.ed" type="simple" />
            <root url="jrt://C:/Program Files/Android/AndroidStudio/jre!/jdk.internal.jvmstat" type="simple" />
            <root url="jrt://C:/Program Files/Android/AndroidStudio/jre!/jdk.internal.le" type="simple" />
            <root url="jrt://C:/Program Files/Android/AndroidStudio/jre!/jdk.internal.opt" type="simple" />
            <root url="jrt://C:/Program Files/Android/AndroidStudio/jre!/jdk.internal.vm.ci" type="simple" />
            <root url="jrt://C:/Program Files/Android/AndroidStudio/jre!/jdk.internal.vm.compiler" type="simple" />
            <root url="jrt://C:/Program Files/Android/AndroidStudio/jre!/jdk.internal.vm.compiler.management" type="simple" />
            <root url="jrt://C:/Program Files/Android/AndroidStudio/jre!/jdk.jartool" type="simple" />
            <root url="jrt://C:/Program Files/Android/AndroidStudio/jre!/jdk.javadoc" type="simple" />
            <root url="jrt://C:/Program Files/Android/AndroidStudio/jre!/jdk.jdeps" type="simple" />
            <root url="jrt://C:/Program Files/Android/AndroidStudio/jre!/jdk.jdi" type="simple" />
            <root url="jrt://C:/Program Files/Android/AndroidStudio/jre!/jdk.jdwp.agent" type="simple" />
            <root url="jrt://C:/Program Files/Android/AndroidStudio/jre!/jdk.jfr" type="simple" />
            <root url="jrt://C:/Program Files/Android/AndroidStudio/jre!/jdk.jlink" type="simple" />
            <root url="jrt://C:/Program Files/Android/AndroidStudio/jre!/jdk.jsobject" type="simple" />
            <root url="jrt://C:/Program Files/Android/AndroidStudio/jre!/jdk.localedata" type="simple" />
            <root url="jrt://C:/Program Files/Android/AndroidStudio/jre!/jdk.management" type="simple" />
            <root url="jrt://C:/Program Files/Android/AndroidStudio/jre!/jdk.management.agent" type="simple" />
            <root url="jrt://C:/Program Files/Android/AndroidStudio/jre!/jdk.management.jfr" type="simple" />
            <root url="jrt://C:/Program Files/Android/AndroidStudio/jre!/jdk.naming.dns" type="simple" />
            <root url="jrt://C:/Program Files/Android/AndroidStudio/jre!/jdk.naming.rmi" type="simple" />
            <root url="jrt://C:/Program Files/Android/AndroidStudio/jre!/jdk.net" type="simple" />
            <root url="jrt://C:/Program Files/Android/AndroidStudio/jre!/jdk.pack" type="simple" />
            <root url="jrt://C:/Program Files/Android/AndroidStudio/jre!/jdk.scripting.nashorn" type="simple" />
            <root url="jrt://C:/Program Files/Android/AndroidStudio/jre!/jdk.scripting.nashorn.shell" type="simple" />
            <root url="jrt://C:/Program Files/Android/AndroidStudio/jre!/jdk.sctp" type="simple" />
            <root url="jrt://C:/Program Files/Android/AndroidStudio/jre!/jdk.security.auth" type="simple" />
            <root url="jrt://C:/Program Files/Android/AndroidStudio/jre!/jdk.security.jgss" type="simple" />
            <root url="jrt://C:/Program Files/Android/AndroidStudio/jre!/jdk.unsupported" type="simple" />
            <root url="jrt://C:/Program Files/Android/AndroidStudio/jre!/jdk.xml.dom" type="simple" />
            <root url="jrt://C:/Program Files/Android/AndroidStudio/jre!/jdk.zipfs" type="simple" />
          </root>
        </classPath>
        <javadocPath>
          <root type="composite" />
        </javadocPath>
        <sourcePath>
          <root type="composite" />
        </sourcePath>
      </roots>
      <additional />
    </jdk>
    <jdk version="2">
      <name value="Embedded JDK" />
      <type value="JavaSDK" />
      <version value="version 11.0.12" />
      <homePath value="$APPLICATION_HOME_DIR$/jre" />
      <roots>
        <annotationsPath>
          <root type="composite">
            <root url="jar://$APPLICATION_HOME_DIR$/plugins/java/lib/jdkAnnotations.jar!/" type="simple" />
          </root>
        </annotationsPath>
        <classPath>
          <root type="composite">
            <root url="jrt://C:/Program Files/Android/AndroidStudio/jre!/java.base" type="simple" />
            <root url="jrt://C:/Program Files/Android/AndroidStudio/jre!/java.compiler" type="simple" />
            <root url="jrt://C:/Program Files/Android/AndroidStudio/jre!/java.datatransfer" type="simple" />
            <root url="jrt://C:/Program Files/Android/AndroidStudio/jre!/java.desktop" type="simple" />
            <root url="jrt://C:/Program Files/Android/AndroidStudio/jre!/java.instrument" type="simple" />
            <root url="jrt://C:/Program Files/Android/AndroidStudio/jre!/java.logging" type="simple" />
            <root url="jrt://C:/Program Files/Android/AndroidStudio/jre!/java.management" type="simple" />
            <root url="jrt://C:/Program Files/Android/AndroidStudio/jre!/java.management.rmi" type="simple" />
            <root url="jrt://C:/Program Files/Android/AndroidStudio/jre!/java.naming" type="simple" />
            <root url="jrt://C:/Program Files/Android/AndroidStudio/jre!/java.net.http" type="simple" />
            <root url="jrt://C:/Program Files/Android/AndroidStudio/jre!/java.prefs" type="simple" />
            <root url="jrt://C:/Program Files/Android/AndroidStudio/jre!/java.rmi" type="simple" />
            <root url="jrt://C:/Program Files/Android/AndroidStudio/jre!/java.scripting" type="simple" />
            <root url="jrt://C:/Program Files/Android/AndroidStudio/jre!/java.se" type="simple" />
            <root url="jrt://C:/Program Files/Android/AndroidStudio/jre!/java.security.jgss" type="simple" />
            <root url="jrt://C:/Program Files/Android/AndroidStudio/jre!/java.security.sasl" type="simple" />
            <root url="jrt://C:/Program Files/Android/AndroidStudio/jre!/java.smartcardio" type="simple" />
            <root url="jrt://C:/Program Files/Android/AndroidStudio/jre!/java.sql" type="simple" />
            <root url="jrt://C:/Program Files/Android/AndroidStudio/jre!/java.sql.rowset" type="simple" />
            <root url="jrt://C:/Program Files/Android/AndroidStudio/jre!/java.transaction.xa" type="simple" />
            <root url="jrt://C:/Program Files/Android/AndroidStudio/jre!/java.xml" type="simple" />
            <root url="jrt://C:/Program Files/Android/AndroidStudio/jre!/java.xml.crypto" type="simple" />
            <root url="jrt://C:/Program Files/Android/AndroidStudio/jre!/jdk.accessibility" type="simple" />
            <root url="jrt://C:/Program Files/Android/AndroidStudio/jre!/jdk.aot" type="simple" />
            <root url="jrt://C:/Program Files/Android/AndroidStudio/jre!/jdk.attach" type="simple" />
            <root url="jrt://C:/Program Files/Android/AndroidStudio/jre!/jdk.charsets" type="simple" />
            <root url="jrt://C:/Program Files/Android/AndroidStudio/jre!/jdk.compiler" type="simple" />
            <root url="jrt://C:/Program Files/Android/AndroidStudio/jre!/jdk.crypto.cryptoki" type="simple" />
            <root url="jrt://C:/Program Files/Android/AndroidStudio/jre!/jdk.crypto.ec" type="simple" />
            <root url="jrt://C:/Program Files/Android/AndroidStudio/jre!/jdk.dynalink" type="simple" />
            <root url="jrt://C:/Program Files/Android/AndroidStudio/jre!/jdk.hotspot.agent" type="simple" />
            <root url="jrt://C:/Program Files/Android/AndroidStudio/jre!/jdk.httpserver" type="simple" />
            <root url="jrt://C:/Program Files/Android/AndroidStudio/jre!/jdk.internal.ed" type="simple" />
            <root url="jrt://C:/Program Files/Android/AndroidStudio/jre!/jdk.internal.jvmstat" type="simple" />
            <root url="jrt://C:/Program Files/Android/AndroidStudio/jre!/jdk.internal.le" type="simple" />
            <root url="jrt://C:/Program Files/Android/AndroidStudio/jre!/jdk.internal.opt" type="simple" />
            <root url="jrt://C:/Program Files/Android/AndroidStudio/jre!/jdk.internal.vm.ci" type="simple" />
            <root url="jrt://C:/Program Files/Android/AndroidStudio/jre!/jdk.internal.vm.compiler" type="simple" />
            <root url="jrt://C:/Program Files/Android/AndroidStudio/jre!/jdk.internal.vm.compiler.management" type="simple" />
            <root url="jrt://C:/Program Files/Android/AndroidStudio/jre!/jdk.jartool" type="simple" />
            <root url="jrt://C:/Program Files/Android/AndroidStudio/jre!/jdk.javadoc" type="simple" />
            <root url="jrt://C:/Program Files/Android/AndroidStudio/jre!/jdk.jdeps" type="simple" />
            <root url="jrt://C:/Program Files/Android/AndroidStudio/jre!/jdk.jdi" type="simple" />
            <root url="jrt://C:/Program Files/Android/AndroidStudio/jre!/jdk.jdwp.agent" type="simple" />
            <root url="jrt://C:/Program Files/Android/AndroidStudio/jre!/jdk.jfr" type="simple" />
            <root url="jrt://C:/Program Files/Android/AndroidStudio/jre!/jdk.jlink" type="simple" />
            <root url="jrt://C:/Program Files/Android/AndroidStudio/jre!/jdk.jsobject" type="simple" />
            <root url="jrt://C:/Program Files/Android/AndroidStudio/jre!/jdk.localedata" type="simple" />
            <root url="jrt://C:/Program Files/Android/AndroidStudio/jre!/jdk.management" type="simple" />
            <root url="jrt://C:/Program Files/Android/AndroidStudio/jre!/jdk.management.agent" type="simple" />
            <root url="jrt://C:/Program Files/Android/AndroidStudio/jre!/jdk.management.jfr" type="simple" />
            <root url="jrt://C:/Program Files/Android/AndroidStudio/jre!/jdk.naming.dns" type="simple" />
            <root url="jrt://C:/Program Files/Android/AndroidStudio/jre!/jdk.naming.rmi" type="simple" />
            <root url="jrt://C:/Program Files/Android/AndroidStudio/jre!/jdk.net" type="simple" />
            <root url="jrt://C:/Program Files/Android/AndroidStudio/jre!/jdk.pack" type="simple" />
            <root url="jrt://C:/Program Files/Android/AndroidStudio/jre!/jdk.scripting.nashorn" type="simple" />
            <root url="jrt://C:/Program Files/Android/AndroidStudio/jre!/jdk.scripting.nashorn.shell" type="simple" />
            <root url="jrt://C:/Program Files/Android/AndroidStudio/jre!/jdk.sctp" type="simple" />
            <root url="jrt://C:/Program Files/Android/AndroidStudio/jre!/jdk.security.auth" type="simple" />
            <root url="jrt://C:/Program Files/Android/AndroidStudio/jre!/jdk.security.jgss" type="simple" />
            <root url="jrt://C:/Program Files/Android/AndroidStudio/jre!/jdk.unsupported" type="simple" />
            <root url="jrt://C:/Program Files/Android/AndroidStudio/jre!/jdk.xml.dom" type="simple" />
            <root url="jrt://C:/Program Files/Android/AndroidStudio/jre!/jdk.zipfs" type="simple" />
          </root>
        </classPath>
        <javadocPath>
          <root type="composite" />
        </javadocPath>
        <sourcePath>
          <root type="composite" />
        </sourcePath>
      </roots>
      <additional />
    </jdk>
    <jdk version="2">
      <name value="Android Studio java home" />
      <type value="JavaSDK" />
      <version value="version 14.0.1" />
      <homePath value="C:/Program Files/Java/jdk-14.0.1" />
      <roots>
        <annotationsPath>
          <root type="composite">
            <root url="jar://$APPLICATION_HOME_DIR$/plugins/java/lib/jdkAnnotations.jar!/" type="simple" />
          </root>
        </annotationsPath>
        <classPath>
          <root type="composite">
            <root url="jrt://C:/Program Files/Java/jdk-14.0.1!/java.base" type="simple" />
            <root url="jrt://C:/Program Files/Java/jdk-14.0.1!/java.compiler" type="simple" />
            <root url="jrt://C:/Program Files/Java/jdk-14.0.1!/java.datatransfer" type="simple" />
            <root url="jrt://C:/Program Files/Java/jdk-14.0.1!/java.desktop" type="simple" />
            <root url="jrt://C:/Program Files/Java/jdk-14.0.1!/java.instrument" type="simple" />
            <root url="jrt://C:/Program Files/Java/jdk-14.0.1!/java.logging" type="simple" />
            <root url="jrt://C:/Program Files/Java/jdk-14.0.1!/java.management" type="simple" />
            <root url="jrt://C:/Program Files/Java/jdk-14.0.1!/java.management.rmi" type="simple" />
            <root url="jrt://C:/Program Files/Java/jdk-14.0.1!/java.naming" type="simple" />
            <root url="jrt://C:/Program Files/Java/jdk-14.0.1!/java.net.http" type="simple" />
            <root url="jrt://C:/Program Files/Java/jdk-14.0.1!/java.prefs" type="simple" />
            <root url="jrt://C:/Program Files/Java/jdk-14.0.1!/java.rmi" type="simple" />
            <root url="jrt://C:/Program Files/Java/jdk-14.0.1!/java.scripting" type="simple" />
            <root url="jrt://C:/Program Files/Java/jdk-14.0.1!/java.se" type="simple" />
            <root url="jrt://C:/Program Files/Java/jdk-14.0.1!/java.security.jgss" type="simple" />
            <root url="jrt://C:/Program Files/Java/jdk-14.0.1!/java.security.sasl" type="simple" />
            <root url="jrt://C:/Program Files/Java/jdk-14.0.1!/java.smartcardio" type="simple" />
            <root url="jrt://C:/Program Files/Java/jdk-14.0.1!/java.sql" type="simple" />
            <root url="jrt://C:/Program Files/Java/jdk-14.0.1!/java.sql.rowset" type="simple" />
            <root url="jrt://C:/Program Files/Java/jdk-14.0.1!/java.transaction.xa" type="simple" />
            <root url="jrt://C:/Program Files/Java/jdk-14.0.1!/java.xml" type="simple" />
            <root url="jrt://C:/Program Files/Java/jdk-14.0.1!/java.xml.crypto" type="simple" />
            <root url="jrt://C:/Program Files/Java/jdk-14.0.1!/jdk.accessibility" type="simple" />
            <root url="jrt://C:/Program Files/Java/jdk-14.0.1!/jdk.aot" type="simple" />
            <root url="jrt://C:/Program Files/Java/jdk-14.0.1!/jdk.attach" type="simple" />
            <root url="jrt://C:/Program Files/Java/jdk-14.0.1!/jdk.charsets" type="simple" />
            <root url="jrt://C:/Program Files/Java/jdk-14.0.1!/jdk.compiler" type="simple" />
            <root url="jrt://C:/Program Files/Java/jdk-14.0.1!/jdk.crypto.cryptoki" type="simple" />
            <root url="jrt://C:/Program Files/Java/jdk-14.0.1!/jdk.crypto.ec" type="simple" />
            <root url="jrt://C:/Program Files/Java/jdk-14.0.1!/jdk.crypto.mscapi" type="simple" />
            <root url="jrt://C:/Program Files/Java/jdk-14.0.1!/jdk.dynalink" type="simple" />
            <root url="jrt://C:/Program Files/Java/jdk-14.0.1!/jdk.editpad" type="simple" />
            <root url="jrt://C:/Program Files/Java/jdk-14.0.1!/jdk.hotspot.agent" type="simple" />
            <root url="jrt://C:/Program Files/Java/jdk-14.0.1!/jdk.httpserver" type="simple" />
            <root url="jrt://C:/Program Files/Java/jdk-14.0.1!/jdk.incubator.foreign" type="simple" />
            <root url="jrt://C:/Program Files/Java/jdk-14.0.1!/jdk.incubator.jpackage" type="simple" />
            <root url="jrt://C:/Program Files/Java/jdk-14.0.1!/jdk.internal.ed" type="simple" />
            <root url="jrt://C:/Program Files/Java/jdk-14.0.1!/jdk.internal.jvmstat" type="simple" />
            <root url="jrt://C:/Program Files/Java/jdk-14.0.1!/jdk.internal.le" type="simple" />
            <root url="jrt://C:/Program Files/Java/jdk-14.0.1!/jdk.internal.opt" type="simple" />
            <root url="jrt://C:/Program Files/Java/jdk-14.0.1!/jdk.internal.vm.ci" type="simple" />
            <root url="jrt://C:/Program Files/Java/jdk-14.0.1!/jdk.internal.vm.compiler" type="simple" />
            <root url="jrt://C:/Program Files/Java/jdk-14.0.1!/jdk.internal.vm.compiler.management" type="simple" />
            <root url="jrt://C:/Program Files/Java/jdk-14.0.1!/jdk.jartool" type="simple" />
            <root url="jrt://C:/Program Files/Java/jdk-14.0.1!/jdk.javadoc" type="simple" />
            <root url="jrt://C:/Program Files/Java/jdk-14.0.1!/jdk.jcmd" type="simple" />
            <root url="jrt://C:/Program Files/Java/jdk-14.0.1!/jdk.jconsole" type="simple" />
            <root url="jrt://C:/Program Files/Java/jdk-14.0.1!/jdk.jdeps" type="simple" />
            <root url="jrt://C:/Program Files/Java/jdk-14.0.1!/jdk.jdi" type="simple" />
            <root url="jrt://C:/Program Files/Java/jdk-14.0.1!/jdk.jdwp.agent" type="simple" />
            <root url="jrt://C:/Program Files/Java/jdk-14.0.1!/jdk.jfr" type="simple" />
            <root url="jrt://C:/Program Files/Java/jdk-14.0.1!/jdk.jlink" type="simple" />
            <root url="jrt://C:/Program Files/Java/jdk-14.0.1!/jdk.jshell" type="simple" />
            <root url="jrt://C:/Program Files/Java/jdk-14.0.1!/jdk.jsobject" type="simple" />
            <root url="jrt://C:/Program Files/Java/jdk-14.0.1!/jdk.jstatd" type="simple" />
            <root url="jrt://C:/Program Files/Java/jdk-14.0.1!/jdk.localedata" type="simple" />
            <root url="jrt://C:/Program Files/Java/jdk-14.0.1!/jdk.management" type="simple" />
            <root url="jrt://C:/Program Files/Java/jdk-14.0.1!/jdk.management.agent" type="simple" />
            <root url="jrt://C:/Program Files/Java/jdk-14.0.1!/jdk.management.jfr" type="simple" />
            <root url="jrt://C:/Program Files/Java/jdk-14.0.1!/jdk.naming.dns" type="simple" />
            <root url="jrt://C:/Program Files/Java/jdk-14.0.1!/jdk.naming.rmi" type="simple" />
            <root url="jrt://C:/Program Files/Java/jdk-14.0.1!/jdk.net" type="simple" />
            <root url="jrt://C:/Program Files/Java/jdk-14.0.1!/jdk.nio.mapmode" type="simple" />
            <root url="jrt://C:/Program Files/Java/jdk-14.0.1!/jdk.rmic" type="simple" />
            <root url="jrt://C:/Program Files/Java/jdk-14.0.1!/jdk.scripting.nashorn" type="simple" />
            <root url="jrt://C:/Program Files/Java/jdk-14.0.1!/jdk.scripting.nashorn.shell" type="simple" />
            <root url="jrt://C:/Program Files/Java/jdk-14.0.1!/jdk.sctp" type="simple" />
            <root url="jrt://C:/Program Files/Java/jdk-14.0.1!/jdk.security.auth" type="simple" />
            <root url="jrt://C:/Program Files/Java/jdk-14.0.1!/jdk.security.jgss" type="simple" />
            <root url="jrt://C:/Program Files/Java/jdk-14.0.1!/jdk.unsupported" type="simple" />
            <root url="jrt://C:/Program Files/Java/jdk-14.0.1!/jdk.unsupported.desktop" type="simple" />
            <root url="jrt://C:/Program Files/Java/jdk-14.0.1!/jdk.xml.dom" type="simple" />
            <root url="jrt://C:/Program Files/Java/jdk-14.0.1!/jdk.zipfs" type="simple" />
          </root>
        </classPath>
        <javadocPath>
          <root type="composite" />
        </javadocPath>
        <sourcePath>
          <root type="composite">
            <root url="jar://C:/Program Files/Java/jdk-14.0.1/lib/src.zip!/java.se" type="simple" />
            <root url="jar://C:/Program Files/Java/jdk-14.0.1/lib/src.zip!/jdk.aot" type="simple" />
            <root url="jar://C:/Program Files/Java/jdk-14.0.1/lib/src.zip!/jdk.jdi" type="simple" />
            <root url="jar://C:/Program Files/Java/jdk-14.0.1/lib/src.zip!/jdk.jfr" type="simple" />
            <root url="jar://C:/Program Files/Java/jdk-14.0.1/lib/src.zip!/jdk.net" type="simple" />
            <root url="jar://C:/Program Files/Java/jdk-14.0.1/lib/src.zip!/java.rmi" type="simple" />
            <root url="jar://C:/Program Files/Java/jdk-14.0.1/lib/src.zip!/java.sql" type="simple" />
            <root url="jar://C:/Program Files/Java/jdk-14.0.1/lib/src.zip!/java.xml" type="simple" />
            <root url="jar://C:/Program Files/Java/jdk-14.0.1/lib/src.zip!/jdk.jcmd" type="simple" />
            <root url="jar://C:/Program Files/Java/jdk-14.0.1/lib/src.zip!/jdk.rmic" type="simple" />
            <root url="jar://C:/Program Files/Java/jdk-14.0.1/lib/src.zip!/jdk.sctp" type="simple" />
            <root url="jar://C:/Program Files/Java/jdk-14.0.1/lib/src.zip!/java.base" type="simple" />
            <root url="jar://C:/Program Files/Java/jdk-14.0.1/lib/src.zip!/jdk.jdeps" type="simple" />
            <root url="jar://C:/Program Files/Java/jdk-14.0.1/lib/src.zip!/jdk.jlink" type="simple" />
            <root url="jar://C:/Program Files/Java/jdk-14.0.1/lib/src.zip!/jdk.zipfs" type="simple" />
            <root url="jar://C:/Program Files/Java/jdk-14.0.1/lib/src.zip!/java.prefs" type="simple" />
            <root url="jar://C:/Program Files/Java/jdk-14.0.1/lib/src.zip!/jdk.attach" type="simple" />
            <root url="jar://C:/Program Files/Java/jdk-14.0.1/lib/src.zip!/jdk.jshell" type="simple" />
            <root url="jar://C:/Program Files/Java/jdk-14.0.1/lib/src.zip!/jdk.jstatd" type="simple" />
            <root url="jar://C:/Program Files/Java/jdk-14.0.1/lib/src.zip!/java.naming" type="simple" />
            <root url="jar://C:/Program Files/Java/jdk-14.0.1/lib/src.zip!/jdk.editpad" type="simple" />
            <root url="jar://C:/Program Files/Java/jdk-14.0.1/lib/src.zip!/jdk.jartool" type="simple" />
            <root url="jar://C:/Program Files/Java/jdk-14.0.1/lib/src.zip!/jdk.javadoc" type="simple" />
            <root url="jar://C:/Program Files/Java/jdk-14.0.1/lib/src.zip!/jdk.xml.dom" type="simple" />
            <root url="jar://C:/Program Files/Java/jdk-14.0.1/lib/src.zip!/java.desktop" type="simple" />
            <root url="jar://C:/Program Files/Java/jdk-14.0.1/lib/src.zip!/java.logging" type="simple" />
            <root url="jar://C:/Program Files/Java/jdk-14.0.1/lib/src.zip!/jdk.charsets" type="simple" />
            <root url="jar://C:/Program Files/Java/jdk-14.0.1/lib/src.zip!/jdk.compiler" type="simple" />
            <root url="jar://C:/Program Files/Java/jdk-14.0.1/lib/src.zip!/jdk.dynalink" type="simple" />
            <root url="jar://C:/Program Files/Java/jdk-14.0.1/lib/src.zip!/jdk.jconsole" type="simple" />
            <root url="jar://C:/Program Files/Java/jdk-14.0.1/lib/src.zip!/jdk.jsobject" type="simple" />
            <root url="jar://C:/Program Files/Java/jdk-14.0.1/lib/src.zip!/java.compiler" type="simple" />
            <root url="jar://C:/Program Files/Java/jdk-14.0.1/lib/src.zip!/java.net.http" type="simple" />
            <root url="jar://C:/Program Files/Java/jdk-14.0.1/lib/src.zip!/jdk.crypto.ec" type="simple" />
            <root url="jar://C:/Program Files/Java/jdk-14.0.1/lib/src.zip!/java.scripting" type="simple" />
            <root url="jar://C:/Program Files/Java/jdk-14.0.1/lib/src.zip!/jdk.httpserver" type="simple" />
            <root url="jar://C:/Program Files/Java/jdk-14.0.1/lib/src.zip!/jdk.jdwp.agent" type="simple" />
            <root url="jar://C:/Program Files/Java/jdk-14.0.1/lib/src.zip!/jdk.localedata" type="simple" />
            <root url="jar://C:/Program Files/Java/jdk-14.0.1/lib/src.zip!/jdk.management" type="simple" />
            <root url="jar://C:/Program Files/Java/jdk-14.0.1/lib/src.zip!/jdk.naming.dns" type="simple" />
            <root url="jar://C:/Program Files/Java/jdk-14.0.1/lib/src.zip!/jdk.naming.rmi" type="simple" />
            <root url="jar://C:/Program Files/Java/jdk-14.0.1/lib/src.zip!/java.instrument" type="simple" />
            <root url="jar://C:/Program Files/Java/jdk-14.0.1/lib/src.zip!/java.management" type="simple" />
            <root url="jar://C:/Program Files/Java/jdk-14.0.1/lib/src.zip!/java.sql.rowset" type="simple" />
            <root url="jar://C:/Program Files/Java/jdk-14.0.1/lib/src.zip!/java.xml.crypto" type="simple" />
            <root url="jar://C:/Program Files/Java/jdk-14.0.1/lib/src.zip!/jdk.internal.ed" type="simple" />
            <root url="jar://C:/Program Files/Java/jdk-14.0.1/lib/src.zip!/jdk.internal.le" type="simple" />
            <root url="jar://C:/Program Files/Java/jdk-14.0.1/lib/src.zip!/jdk.nio.mapmode" type="simple" />
            <root url="jar://C:/Program Files/Java/jdk-14.0.1/lib/src.zip!/jdk.unsupported" type="simple" />
            <root url="jar://C:/Program Files/Java/jdk-14.0.1/lib/src.zip!/java.smartcardio" type="simple" />
            <root url="jar://C:/Program Files/Java/jdk-14.0.1/lib/src.zip!/jdk.internal.opt" type="simple" />
            <root url="jar://C:/Program Files/Java/jdk-14.0.1/lib/src.zip!/java.datatransfer" type="simple" />
            <root url="jar://C:/Program Files/Java/jdk-14.0.1/lib/src.zip!/jdk.accessibility" type="simple" />
            <root url="jar://C:/Program Files/Java/jdk-14.0.1/lib/src.zip!/jdk.crypto.mscapi" type="simple" />
            <root url="jar://C:/Program Files/Java/jdk-14.0.1/lib/src.zip!/jdk.hotspot.agent" type="simple" />
            <root url="jar://C:/Program Files/Java/jdk-14.0.1/lib/src.zip!/jdk.security.auth" type="simple" />
            <root url="jar://C:/Program Files/Java/jdk-14.0.1/lib/src.zip!/jdk.security.jgss" type="simple" />
            <root url="jar://C:/Program Files/Java/jdk-14.0.1/lib/src.zip!/java.security.jgss" type="simple" />
            <root url="jar://C:/Program Files/Java/jdk-14.0.1/lib/src.zip!/java.security.sasl" type="simple" />
            <root url="jar://C:/Program Files/Java/jdk-14.0.1/lib/src.zip!/jdk.internal.vm.ci" type="simple" />
            <root url="jar://C:/Program Files/Java/jdk-14.0.1/lib/src.zip!/jdk.management.jfr" type="simple" />
            <root url="jar://C:/Program Files/Java/jdk-14.0.1/lib/src.zip!/java.management.rmi" type="simple" />
            <root url="jar://C:/Program Files/Java/jdk-14.0.1/lib/src.zip!/java.transaction.xa" type="simple" />
            <root url="jar://C:/Program Files/Java/jdk-14.0.1/lib/src.zip!/jdk.crypto.cryptoki" type="simple" />
            <root url="jar://C:/Program Files/Java/jdk-14.0.1/lib/src.zip!/jdk.internal.jvmstat" type="simple" />
            <root url="jar://C:/Program Files/Java/jdk-14.0.1/lib/src.zip!/jdk.management.agent" type="simple" />
            <root url="jar://C:/Program Files/Java/jdk-14.0.1/lib/src.zip!/jdk.incubator.foreign" type="simple" />
            <root url="jar://C:/Program Files/Java/jdk-14.0.1/lib/src.zip!/jdk.scripting.nashorn" type="simple" />
            <root url="jar://C:/Program Files/Java/jdk-14.0.1/lib/src.zip!/jdk.incubator.jpackage" type="simple" />
            <root url="jar://C:/Program Files/Java/jdk-14.0.1/lib/src.zip!/jdk.unsupported.desktop" type="simple" />
            <root url="jar://C:/Program Files/Java/jdk-14.0.1/lib/src.zip!/jdk.internal.vm.compiler" type="simple" />
            <root url="jar://C:/Program Files/Java/jdk-14.0.1/lib/src.zip!/jdk.scripting.nashorn.shell" type="simple" />
            <root url="jar://C:/Program Files/Java/jdk-14.0.1/lib/src.zip!/jdk.internal.vm.compiler.management" type="simple" />
          </root>
        </sourcePath>
      </roots>
      <additional />
    </jdk>
    <jdk version="2">
      <name value="1.8" />
      <type value="JavaSDK" />
      <version value="version 1.8.0_332" />
      <homePath value="$USER_HOME$/.jdks/azul-1.8.0_332" />
      <roots>
        <annotationsPath>
          <root type="composite">
            <root url="jar://$APPLICATION_HOME_DIR$/plugins/java/lib/jdkAnnotations.jar!/" type="simple" />
          </root>
        </annotationsPath>
        <classPath>
          <root type="composite">
            <root url="jar://$USER_HOME$/.jdks/azul-1.8.0_332/jre/lib/cat.jar!/" type="simple" />
            <root url="jar://$USER_HOME$/.jdks/azul-1.8.0_332/jre/lib/charsets.jar!/" type="simple" />
            <root url="jar://$USER_HOME$/.jdks/azul-1.8.0_332/jre/lib/ext/access-bridge-64.jar!/" type="simple" />
            <root url="jar://$USER_HOME$/.jdks/azul-1.8.0_332/jre/lib/ext/cldrdata.jar!/" type="simple" />
            <root url="jar://$USER_HOME$/.jdks/azul-1.8.0_332/jre/lib/ext/crs-agent.jar!/" type="simple" />
            <root url="jar://$USER_HOME$/.jdks/azul-1.8.0_332/jre/lib/ext/dnsns.jar!/" type="simple" />
            <root url="jar://$USER_HOME$/.jdks/azul-1.8.0_332/jre/lib/ext/jaccess.jar!/" type="simple" />
            <root url="jar://$USER_HOME$/.jdks/azul-1.8.0_332/jre/lib/ext/legacy8ujsse.jar!/" type="simple" />
            <root url="jar://$USER_HOME$/.jdks/azul-1.8.0_332/jre/lib/ext/localedata.jar!/" type="simple" />
            <root url="jar://$USER_HOME$/.jdks/azul-1.8.0_332/jre/lib/ext/nashorn.jar!/" type="simple" />
            <root url="jar://$USER_HOME$/.jdks/azul-1.8.0_332/jre/lib/ext/openjsse.jar!/" type="simple" />
            <root url="jar://$USER_HOME$/.jdks/azul-1.8.0_332/jre/lib/ext/sunec.jar!/" type="simple" />
            <root url="jar://$USER_HOME$/.jdks/azul-1.8.0_332/jre/lib/ext/sunjce_provider.jar!/" type="simple" />
            <root url="jar://$USER_HOME$/.jdks/azul-1.8.0_332/jre/lib/ext/sunmscapi.jar!/" type="simple" />
            <root url="jar://$USER_HOME$/.jdks/azul-1.8.0_332/jre/lib/ext/sunpkcs11.jar!/" type="simple" />
            <root url="jar://$USER_HOME$/.jdks/azul-1.8.0_332/jre/lib/ext/zipfs.jar!/" type="simple" />
            <root url="jar://$USER_HOME$/.jdks/azul-1.8.0_332/jre/lib/jce.jar!/" type="simple" />
            <root url="jar://$USER_HOME$/.jdks/azul-1.8.0_332/jre/lib/jfr.jar!/" type="simple" />
            <root url="jar://$USER_HOME$/.jdks/azul-1.8.0_332/jre/lib/jsse.jar!/" type="simple" />
            <root url="jar://$USER_HOME$/.jdks/azul-1.8.0_332/jre/lib/management-agent.jar!/" type="simple" />
            <root url="jar://$USER_HOME$/.jdks/azul-1.8.0_332/jre/lib/resources.jar!/" type="simple" />
            <root url="jar://$USER_HOME$/.jdks/azul-1.8.0_332/jre/lib/rt.jar!/" type="simple" />
          </root>
        </classPath>
        <javadocPath>
          <root type="composite" />
        </javadocPath>
        <sourcePath>
          <root type="composite">
            <root url="jar://$USER_HOME$/.jdks/azul-1.8.0_332/src.zip!/" type="simple" />
          </root>
        </sourcePath>
      </roots>
      <additional />
    </jdk>
    <jdk version="2">
      <name value="Android API 32 Platform" />
      <type value="Android SDK" />
      <version value="version 11.0.12" />
      <homePath value="$USER_HOME$/AppData/Local/Android/Sdk" />
      <roots>
        <annotationsPath>
          <root type="composite">
            <root url="jar://$USER_HOME$/AppData/Local/Android/Sdk/platforms/android-32/data/annotations.zip!/" type="simple" />
          </root>
        </annotationsPath>
        <classPath>
          <root type="composite">
            <root url="jar://$USER_HOME$/AppData/Local/Android/Sdk/platforms/android-32/android.jar!/" type="simple" />
            <root url="file://$USER_HOME$/AppData/Local/Android/Sdk/platforms/android-32/data/res" type="simple" />
          </root>
        </classPath>
        <javadocPath>
          <root type="composite">
            <root url="http://developer.android.com/reference/" type="simple" />
          </root>
        </javadocPath>
        <sourcePath>
          <root type="composite" />
        </sourcePath>
      </roots>
      <additional jdk="Android Studio default JDK" sdk="android-32" />
    </jdk>
  </component>
</application>