<application>
  <component name="AndroidLogcatFilterHistory">
    <option name="mostRecentlyUsed" value="package:mine level:info tag:tapp -tag:ndroid.tapp." />
    <option name="nonFavorites">
      <list>
        <option value="package:mine level:info tag:tapp -tag:ndroid.tapp." />
        <option value="package:mine level:info" />
        <option value="package:mine level:info tag:tapp -tag:LinphoneManager -tag:ndroid.tapp." />
        <option value="package:mine level:info tag:tapp -tag:LinphoneManager -tag:ndroid.tapp. test" />
        <option value="package:mine level:info tag:tapp -tag:LinphoneManager -tag:ndroid.tapp. TEST" />
        <option value="package:mine level:info tag:tapp -tag:LinphoneManager -tag:ndroid.tapp. t" />
        <option value="package:mine level:info tag:tapp -tag:LinphoneManager -tag:ndroid.tapp.de " />
        <option value="package:mine level:debug tag:tapp -tag:LinphoneManager -tag:ndroid.tapp.de " />
        <option value="package:mine level:debug tag:tapp -tag:LinphoneManager -tag:ndroid.tapp.de lenovo" />
        <option value="test: " />
        <option value="level:info TEST:" />
        <option value="level:info TEST" />
        <option value="level:info" />
        <option value="level:debug TEST:" />
        <option value="level:debug" />
        <option value="level:debug mynmea" />
        <option value="level:debug test:" />
        <option value="level:debug onlocation" />
        <option value="package:mine level:info tag:tapp -tag:LinphoneManager -tag:ndroid.tapp.de" />
        <option value="package:mine level:info tag:tapp -tag:LinphoneManager -tag:ndroid.tapp.de getkey" />
      </list>
    </option>
  </component>
</application>