<application>
  <component name="AndroidLogcatFilterHistory">
    <option name="mostRecentlyUsed" value="package:mine level:info tag:tapp -tag:ndroid.tapp." />
    <option name="nonFavorites">
      <list>
        <option value="package:mine level:info tag:tapp -tag:ndroid.tapp." />
        <option value="package:mine " />
        <option value="package:mine level:verbose tag:tapp -tag:ndroid.tapp." />
        <option value="package:mine level:info tag:tapp -tag:ndroid.tapp. システム" />
        <option value="package:mine" />
        <option value="package:mine システム設定" />
        <option value="package:mine TEST: " />
        <option value="package:mine level:error" />
        <option value="package:mine システム設定 マージ" />
        <option value="package:mine level:info tag:tapp -tag:ndroid.tapp. システム設定 マージ" />
        <option value="package:mine level:info tag:tapp -tag:ndroid.tapp. システム設定" />
        <option value="package:mine level:info tag:tapp -tag:ndroid.tapp. test" />
        <option value="package:mine level:info tag:tapp -tag:ndroid.tapp. " />
        <option value="package:mine level:verbose tag:tapp -tag:ndroid.tapp. " />
        <option value="package:mine level:verbose tag:tapp -tag:ndroid.tapp. amplify " />
        <option value="package:mine level:info tag:tapp -tag:ndroid.tapp. amplify" />
        <option value="package:mine level:info tag:tapp -tag:ndroid.tapp. サービス" />
        <option value="package:jp.mcapps.fakegps " />
        <option value="package:mine level:verbose tag:tapp -tag:ndroid.tapp. location" />
        <option value="package:mine level:debug tag:tapp -tag:ndroid.tapp." />
      </list>
    </option>
  </component>
</application>