<application>
  <component name="ProjectJdkTable">
    <jdk version="2">
      <name value="JDK" />
      <type value="JavaSDK" />
      <version value="version 11.0.13" />
      <homePath value="$APPLICATION_HOME_DIR$/jre" />
      <roots>
        <annotationsPath>
          <root type="composite">
            <root url="jar://$APPLICATION_HOME_DIR$/plugins/java/lib/jdkAnnotations.jar!/" type="simple" />
          </root>
        </annotationsPath>
        <classPath>
          <root type="composite">
            <root url="jrt://C:/Users/yuu_harada/scoop/apps/android-studio/current/jre!/java.base" type="simple" />
            <root url="jrt://C:/Users/yuu_harada/scoop/apps/android-studio/current/jre!/java.compiler" type="simple" />
            <root url="jrt://C:/Users/yuu_harada/scoop/apps/android-studio/current/jre!/java.datatransfer" type="simple" />
            <root url="jrt://C:/Users/yuu_harada/scoop/apps/android-studio/current/jre!/java.desktop" type="simple" />
            <root url="jrt://C:/Users/yuu_harada/scoop/apps/android-studio/current/jre!/java.instrument" type="simple" />
            <root url="jrt://C:/Users/yuu_harada/scoop/apps/android-studio/current/jre!/java.logging" type="simple" />
            <root url="jrt://C:/Users/yuu_harada/scoop/apps/android-studio/current/jre!/java.management" type="simple" />
            <root url="jrt://C:/Users/yuu_harada/scoop/apps/android-studio/current/jre!/java.management.rmi" type="simple" />
            <root url="jrt://C:/Users/yuu_harada/scoop/apps/android-studio/current/jre!/java.naming" type="simple" />
            <root url="jrt://C:/Users/yuu_harada/scoop/apps/android-studio/current/jre!/java.net.http" type="simple" />
            <root url="jrt://C:/Users/yuu_harada/scoop/apps/android-studio/current/jre!/java.prefs" type="simple" />
            <root url="jrt://C:/Users/yuu_harada/scoop/apps/android-studio/current/jre!/java.rmi" type="simple" />
            <root url="jrt://C:/Users/yuu_harada/scoop/apps/android-studio/current/jre!/java.scripting" type="simple" />
            <root url="jrt://C:/Users/yuu_harada/scoop/apps/android-studio/current/jre!/java.se" type="simple" />
            <root url="jrt://C:/Users/yuu_harada/scoop/apps/android-studio/current/jre!/java.security.jgss" type="simple" />
            <root url="jrt://C:/Users/yuu_harada/scoop/apps/android-studio/current/jre!/java.security.sasl" type="simple" />
            <root url="jrt://C:/Users/yuu_harada/scoop/apps/android-studio/current/jre!/java.smartcardio" type="simple" />
            <root url="jrt://C:/Users/yuu_harada/scoop/apps/android-studio/current/jre!/java.sql" type="simple" />
            <root url="jrt://C:/Users/yuu_harada/scoop/apps/android-studio/current/jre!/java.sql.rowset" type="simple" />
            <root url="jrt://C:/Users/yuu_harada/scoop/apps/android-studio/current/jre!/java.transaction.xa" type="simple" />
            <root url="jrt://C:/Users/yuu_harada/scoop/apps/android-studio/current/jre!/java.xml" type="simple" />
            <root url="jrt://C:/Users/yuu_harada/scoop/apps/android-studio/current/jre!/java.xml.crypto" type="simple" />
            <root url="jrt://C:/Users/yuu_harada/scoop/apps/android-studio/current/jre!/jdk.accessibility" type="simple" />
            <root url="jrt://C:/Users/yuu_harada/scoop/apps/android-studio/current/jre!/jdk.aot" type="simple" />
            <root url="jrt://C:/Users/yuu_harada/scoop/apps/android-studio/current/jre!/jdk.attach" type="simple" />
            <root url="jrt://C:/Users/yuu_harada/scoop/apps/android-studio/current/jre!/jdk.charsets" type="simple" />
            <root url="jrt://C:/Users/yuu_harada/scoop/apps/android-studio/current/jre!/jdk.compiler" type="simple" />
            <root url="jrt://C:/Users/yuu_harada/scoop/apps/android-studio/current/jre!/jdk.crypto.cryptoki" type="simple" />
            <root url="jrt://C:/Users/yuu_harada/scoop/apps/android-studio/current/jre!/jdk.crypto.ec" type="simple" />
            <root url="jrt://C:/Users/yuu_harada/scoop/apps/android-studio/current/jre!/jdk.dynalink" type="simple" />
            <root url="jrt://C:/Users/yuu_harada/scoop/apps/android-studio/current/jre!/jdk.hotspot.agent" type="simple" />
            <root url="jrt://C:/Users/yuu_harada/scoop/apps/android-studio/current/jre!/jdk.httpserver" type="simple" />
            <root url="jrt://C:/Users/yuu_harada/scoop/apps/android-studio/current/jre!/jdk.internal.ed" type="simple" />
            <root url="jrt://C:/Users/yuu_harada/scoop/apps/android-studio/current/jre!/jdk.internal.jvmstat" type="simple" />
            <root url="jrt://C:/Users/yuu_harada/scoop/apps/android-studio/current/jre!/jdk.internal.le" type="simple" />
            <root url="jrt://C:/Users/yuu_harada/scoop/apps/android-studio/current/jre!/jdk.internal.opt" type="simple" />
            <root url="jrt://C:/Users/yuu_harada/scoop/apps/android-studio/current/jre!/jdk.internal.vm.ci" type="simple" />
            <root url="jrt://C:/Users/yuu_harada/scoop/apps/android-studio/current/jre!/jdk.internal.vm.compiler" type="simple" />
            <root url="jrt://C:/Users/yuu_harada/scoop/apps/android-studio/current/jre!/jdk.internal.vm.compiler.management" type="simple" />
            <root url="jrt://C:/Users/yuu_harada/scoop/apps/android-studio/current/jre!/jdk.jartool" type="simple" />
            <root url="jrt://C:/Users/yuu_harada/scoop/apps/android-studio/current/jre!/jdk.javadoc" type="simple" />
            <root url="jrt://C:/Users/yuu_harada/scoop/apps/android-studio/current/jre!/jdk.jdeps" type="simple" />
            <root url="jrt://C:/Users/yuu_harada/scoop/apps/android-studio/current/jre!/jdk.jdi" type="simple" />
            <root url="jrt://C:/Users/yuu_harada/scoop/apps/android-studio/current/jre!/jdk.jdwp.agent" type="simple" />
            <root url="jrt://C:/Users/yuu_harada/scoop/apps/android-studio/current/jre!/jdk.jfr" type="simple" />
            <root url="jrt://C:/Users/yuu_harada/scoop/apps/android-studio/current/jre!/jdk.jlink" type="simple" />
            <root url="jrt://C:/Users/yuu_harada/scoop/apps/android-studio/current/jre!/jdk.jsobject" type="simple" />
            <root url="jrt://C:/Users/yuu_harada/scoop/apps/android-studio/current/jre!/jdk.localedata" type="simple" />
            <root url="jrt://C:/Users/yuu_harada/scoop/apps/android-studio/current/jre!/jdk.management" type="simple" />
            <root url="jrt://C:/Users/yuu_harada/scoop/apps/android-studio/current/jre!/jdk.management.agent" type="simple" />
            <root url="jrt://C:/Users/yuu_harada/scoop/apps/android-studio/current/jre!/jdk.management.jfr" type="simple" />
            <root url="jrt://C:/Users/yuu_harada/scoop/apps/android-studio/current/jre!/jdk.naming.dns" type="simple" />
            <root url="jrt://C:/Users/yuu_harada/scoop/apps/android-studio/current/jre!/jdk.naming.rmi" type="simple" />
            <root url="jrt://C:/Users/yuu_harada/scoop/apps/android-studio/current/jre!/jdk.net" type="simple" />
            <root url="jrt://C:/Users/yuu_harada/scoop/apps/android-studio/current/jre!/jdk.pack" type="simple" />
            <root url="jrt://C:/Users/yuu_harada/scoop/apps/android-studio/current/jre!/jdk.scripting.nashorn" type="simple" />
            <root url="jrt://C:/Users/yuu_harada/scoop/apps/android-studio/current/jre!/jdk.scripting.nashorn.shell" type="simple" />
            <root url="jrt://C:/Users/yuu_harada/scoop/apps/android-studio/current/jre!/jdk.sctp" type="simple" />
            <root url="jrt://C:/Users/yuu_harada/scoop/apps/android-studio/current/jre!/jdk.security.auth" type="simple" />
            <root url="jrt://C:/Users/yuu_harada/scoop/apps/android-studio/current/jre!/jdk.security.jgss" type="simple" />
            <root url="jrt://C:/Users/yuu_harada/scoop/apps/android-studio/current/jre!/jdk.unsupported" type="simple" />
            <root url="jrt://C:/Users/yuu_harada/scoop/apps/android-studio/current/jre!/jdk.xml.dom" type="simple" />
            <root url="jrt://C:/Users/yuu_harada/scoop/apps/android-studio/current/jre!/jdk.zipfs" type="simple" />
          </root>
        </classPath>
        <javadocPath>
          <root type="composite" />
        </javadocPath>
        <sourcePath>
          <root type="composite" />
        </sourcePath>
      </roots>
      <additional />
    </jdk>
    <jdk version="2">
      <name value="Android Studio default JDK" />
      <type value="JavaSDK" />
      <version value="version 11.0.13" />
      <homePath value="$APPLICATION_HOME_DIR$/jre" />
      <roots>
        <annotationsPath>
          <root type="composite">
            <root url="jar://$APPLICATION_HOME_DIR$/plugins/java/lib/jdkAnnotations.jar!/" type="simple" />
          </root>
        </annotationsPath>
        <classPath>
          <root type="composite">
            <root url="jrt://C:/Users/yuu_harada/scoop/apps/android-studio/current/jre!/java.base" type="simple" />
            <root url="jrt://C:/Users/yuu_harada/scoop/apps/android-studio/current/jre!/java.compiler" type="simple" />
            <root url="jrt://C:/Users/yuu_harada/scoop/apps/android-studio/current/jre!/java.datatransfer" type="simple" />
            <root url="jrt://C:/Users/yuu_harada/scoop/apps/android-studio/current/jre!/java.desktop" type="simple" />
            <root url="jrt://C:/Users/yuu_harada/scoop/apps/android-studio/current/jre!/java.instrument" type="simple" />
            <root url="jrt://C:/Users/yuu_harada/scoop/apps/android-studio/current/jre!/java.logging" type="simple" />
            <root url="jrt://C:/Users/yuu_harada/scoop/apps/android-studio/current/jre!/java.management" type="simple" />
            <root url="jrt://C:/Users/yuu_harada/scoop/apps/android-studio/current/jre!/java.management.rmi" type="simple" />
            <root url="jrt://C:/Users/yuu_harada/scoop/apps/android-studio/current/jre!/java.naming" type="simple" />
            <root url="jrt://C:/Users/yuu_harada/scoop/apps/android-studio/current/jre!/java.net.http" type="simple" />
            <root url="jrt://C:/Users/yuu_harada/scoop/apps/android-studio/current/jre!/java.prefs" type="simple" />
            <root url="jrt://C:/Users/yuu_harada/scoop/apps/android-studio/current/jre!/java.rmi" type="simple" />
            <root url="jrt://C:/Users/yuu_harada/scoop/apps/android-studio/current/jre!/java.scripting" type="simple" />
            <root url="jrt://C:/Users/yuu_harada/scoop/apps/android-studio/current/jre!/java.se" type="simple" />
            <root url="jrt://C:/Users/yuu_harada/scoop/apps/android-studio/current/jre!/java.security.jgss" type="simple" />
            <root url="jrt://C:/Users/yuu_harada/scoop/apps/android-studio/current/jre!/java.security.sasl" type="simple" />
            <root url="jrt://C:/Users/yuu_harada/scoop/apps/android-studio/current/jre!/java.smartcardio" type="simple" />
            <root url="jrt://C:/Users/yuu_harada/scoop/apps/android-studio/current/jre!/java.sql" type="simple" />
            <root url="jrt://C:/Users/yuu_harada/scoop/apps/android-studio/current/jre!/java.sql.rowset" type="simple" />
            <root url="jrt://C:/Users/yuu_harada/scoop/apps/android-studio/current/jre!/java.transaction.xa" type="simple" />
            <root url="jrt://C:/Users/yuu_harada/scoop/apps/android-studio/current/jre!/java.xml" type="simple" />
            <root url="jrt://C:/Users/yuu_harada/scoop/apps/android-studio/current/jre!/java.xml.crypto" type="simple" />
            <root url="jrt://C:/Users/yuu_harada/scoop/apps/android-studio/current/jre!/jdk.accessibility" type="simple" />
            <root url="jrt://C:/Users/yuu_harada/scoop/apps/android-studio/current/jre!/jdk.aot" type="simple" />
            <root url="jrt://C:/Users/yuu_harada/scoop/apps/android-studio/current/jre!/jdk.attach" type="simple" />
            <root url="jrt://C:/Users/yuu_harada/scoop/apps/android-studio/current/jre!/jdk.charsets" type="simple" />
            <root url="jrt://C:/Users/yuu_harada/scoop/apps/android-studio/current/jre!/jdk.compiler" type="simple" />
            <root url="jrt://C:/Users/yuu_harada/scoop/apps/android-studio/current/jre!/jdk.crypto.cryptoki" type="simple" />
            <root url="jrt://C:/Users/yuu_harada/scoop/apps/android-studio/current/jre!/jdk.crypto.ec" type="simple" />
            <root url="jrt://C:/Users/yuu_harada/scoop/apps/android-studio/current/jre!/jdk.dynalink" type="simple" />
            <root url="jrt://C:/Users/yuu_harada/scoop/apps/android-studio/current/jre!/jdk.hotspot.agent" type="simple" />
            <root url="jrt://C:/Users/yuu_harada/scoop/apps/android-studio/current/jre!/jdk.httpserver" type="simple" />
            <root url="jrt://C:/Users/yuu_harada/scoop/apps/android-studio/current/jre!/jdk.internal.ed" type="simple" />
            <root url="jrt://C:/Users/yuu_harada/scoop/apps/android-studio/current/jre!/jdk.internal.jvmstat" type="simple" />
            <root url="jrt://C:/Users/yuu_harada/scoop/apps/android-studio/current/jre!/jdk.internal.le" type="simple" />
            <root url="jrt://C:/Users/yuu_harada/scoop/apps/android-studio/current/jre!/jdk.internal.opt" type="simple" />
            <root url="jrt://C:/Users/yuu_harada/scoop/apps/android-studio/current/jre!/jdk.internal.vm.ci" type="simple" />
            <root url="jrt://C:/Users/yuu_harada/scoop/apps/android-studio/current/jre!/jdk.internal.vm.compiler" type="simple" />
            <root url="jrt://C:/Users/yuu_harada/scoop/apps/android-studio/current/jre!/jdk.internal.vm.compiler.management" type="simple" />
            <root url="jrt://C:/Users/yuu_harada/scoop/apps/android-studio/current/jre!/jdk.jartool" type="simple" />
            <root url="jrt://C:/Users/yuu_harada/scoop/apps/android-studio/current/jre!/jdk.javadoc" type="simple" />
            <root url="jrt://C:/Users/yuu_harada/scoop/apps/android-studio/current/jre!/jdk.jdeps" type="simple" />
            <root url="jrt://C:/Users/yuu_harada/scoop/apps/android-studio/current/jre!/jdk.jdi" type="simple" />
            <root url="jrt://C:/Users/yuu_harada/scoop/apps/android-studio/current/jre!/jdk.jdwp.agent" type="simple" />
            <root url="jrt://C:/Users/yuu_harada/scoop/apps/android-studio/current/jre!/jdk.jfr" type="simple" />
            <root url="jrt://C:/Users/yuu_harada/scoop/apps/android-studio/current/jre!/jdk.jlink" type="simple" />
            <root url="jrt://C:/Users/yuu_harada/scoop/apps/android-studio/current/jre!/jdk.jsobject" type="simple" />
            <root url="jrt://C:/Users/yuu_harada/scoop/apps/android-studio/current/jre!/jdk.localedata" type="simple" />
            <root url="jrt://C:/Users/yuu_harada/scoop/apps/android-studio/current/jre!/jdk.management" type="simple" />
            <root url="jrt://C:/Users/yuu_harada/scoop/apps/android-studio/current/jre!/jdk.management.agent" type="simple" />
            <root url="jrt://C:/Users/yuu_harada/scoop/apps/android-studio/current/jre!/jdk.management.jfr" type="simple" />
            <root url="jrt://C:/Users/yuu_harada/scoop/apps/android-studio/current/jre!/jdk.naming.dns" type="simple" />
            <root url="jrt://C:/Users/yuu_harada/scoop/apps/android-studio/current/jre!/jdk.naming.rmi" type="simple" />
            <root url="jrt://C:/Users/yuu_harada/scoop/apps/android-studio/current/jre!/jdk.net" type="simple" />
            <root url="jrt://C:/Users/yuu_harada/scoop/apps/android-studio/current/jre!/jdk.pack" type="simple" />
            <root url="jrt://C:/Users/yuu_harada/scoop/apps/android-studio/current/jre!/jdk.scripting.nashorn" type="simple" />
            <root url="jrt://C:/Users/yuu_harada/scoop/apps/android-studio/current/jre!/jdk.scripting.nashorn.shell" type="simple" />
            <root url="jrt://C:/Users/yuu_harada/scoop/apps/android-studio/current/jre!/jdk.sctp" type="simple" />
            <root url="jrt://C:/Users/yuu_harada/scoop/apps/android-studio/current/jre!/jdk.security.auth" type="simple" />
            <root url="jrt://C:/Users/yuu_harada/scoop/apps/android-studio/current/jre!/jdk.security.jgss" type="simple" />
            <root url="jrt://C:/Users/yuu_harada/scoop/apps/android-studio/current/jre!/jdk.unsupported" type="simple" />
            <root url="jrt://C:/Users/yuu_harada/scoop/apps/android-studio/current/jre!/jdk.xml.dom" type="simple" />
            <root url="jrt://C:/Users/yuu_harada/scoop/apps/android-studio/current/jre!/jdk.zipfs" type="simple" />
          </root>
        </classPath>
        <javadocPath>
          <root type="composite" />
        </javadocPath>
        <sourcePath>
          <root type="composite" />
        </sourcePath>
      </roots>
      <additional />
    </jdk>
    <jdk version="2">
      <name value="11" />
      <type value="JavaSDK" />
      <version value="version 11.0.13" />
      <homePath value="$APPLICATION_HOME_DIR$/jre" />
      <roots>
        <annotationsPath>
          <root type="composite">
            <root url="jar://$APPLICATION_HOME_DIR$/plugins/java/lib/jdkAnnotations.jar!/" type="simple" />
          </root>
        </annotationsPath>
        <classPath>
          <root type="composite">
            <root url="jrt://C:/Users/yuu_harada/scoop/apps/android-studio/current/jre!/java.base" type="simple" />
            <root url="jrt://C:/Users/yuu_harada/scoop/apps/android-studio/current/jre!/java.compiler" type="simple" />
            <root url="jrt://C:/Users/yuu_harada/scoop/apps/android-studio/current/jre!/java.datatransfer" type="simple" />
            <root url="jrt://C:/Users/yuu_harada/scoop/apps/android-studio/current/jre!/java.desktop" type="simple" />
            <root url="jrt://C:/Users/yuu_harada/scoop/apps/android-studio/current/jre!/java.instrument" type="simple" />
            <root url="jrt://C:/Users/yuu_harada/scoop/apps/android-studio/current/jre!/java.logging" type="simple" />
            <root url="jrt://C:/Users/yuu_harada/scoop/apps/android-studio/current/jre!/java.management" type="simple" />
            <root url="jrt://C:/Users/yuu_harada/scoop/apps/android-studio/current/jre!/java.management.rmi" type="simple" />
            <root url="jrt://C:/Users/yuu_harada/scoop/apps/android-studio/current/jre!/java.naming" type="simple" />
            <root url="jrt://C:/Users/yuu_harada/scoop/apps/android-studio/current/jre!/java.net.http" type="simple" />
            <root url="jrt://C:/Users/yuu_harada/scoop/apps/android-studio/current/jre!/java.prefs" type="simple" />
            <root url="jrt://C:/Users/yuu_harada/scoop/apps/android-studio/current/jre!/java.rmi" type="simple" />
            <root url="jrt://C:/Users/yuu_harada/scoop/apps/android-studio/current/jre!/java.scripting" type="simple" />
            <root url="jrt://C:/Users/yuu_harada/scoop/apps/android-studio/current/jre!/java.se" type="simple" />
            <root url="jrt://C:/Users/yuu_harada/scoop/apps/android-studio/current/jre!/java.security.jgss" type="simple" />
            <root url="jrt://C:/Users/yuu_harada/scoop/apps/android-studio/current/jre!/java.security.sasl" type="simple" />
            <root url="jrt://C:/Users/yuu_harada/scoop/apps/android-studio/current/jre!/java.smartcardio" type="simple" />
            <root url="jrt://C:/Users/yuu_harada/scoop/apps/android-studio/current/jre!/java.sql" type="simple" />
            <root url="jrt://C:/Users/yuu_harada/scoop/apps/android-studio/current/jre!/java.sql.rowset" type="simple" />
            <root url="jrt://C:/Users/yuu_harada/scoop/apps/android-studio/current/jre!/java.transaction.xa" type="simple" />
            <root url="jrt://C:/Users/yuu_harada/scoop/apps/android-studio/current/jre!/java.xml" type="simple" />
            <root url="jrt://C:/Users/yuu_harada/scoop/apps/android-studio/current/jre!/java.xml.crypto" type="simple" />
            <root url="jrt://C:/Users/yuu_harada/scoop/apps/android-studio/current/jre!/jdk.accessibility" type="simple" />
            <root url="jrt://C:/Users/yuu_harada/scoop/apps/android-studio/current/jre!/jdk.aot" type="simple" />
            <root url="jrt://C:/Users/yuu_harada/scoop/apps/android-studio/current/jre!/jdk.attach" type="simple" />
            <root url="jrt://C:/Users/yuu_harada/scoop/apps/android-studio/current/jre!/jdk.charsets" type="simple" />
            <root url="jrt://C:/Users/yuu_harada/scoop/apps/android-studio/current/jre!/jdk.compiler" type="simple" />
            <root url="jrt://C:/Users/yuu_harada/scoop/apps/android-studio/current/jre!/jdk.crypto.cryptoki" type="simple" />
            <root url="jrt://C:/Users/yuu_harada/scoop/apps/android-studio/current/jre!/jdk.crypto.ec" type="simple" />
            <root url="jrt://C:/Users/yuu_harada/scoop/apps/android-studio/current/jre!/jdk.dynalink" type="simple" />
            <root url="jrt://C:/Users/yuu_harada/scoop/apps/android-studio/current/jre!/jdk.hotspot.agent" type="simple" />
            <root url="jrt://C:/Users/yuu_harada/scoop/apps/android-studio/current/jre!/jdk.httpserver" type="simple" />
            <root url="jrt://C:/Users/yuu_harada/scoop/apps/android-studio/current/jre!/jdk.internal.ed" type="simple" />
            <root url="jrt://C:/Users/yuu_harada/scoop/apps/android-studio/current/jre!/jdk.internal.jvmstat" type="simple" />
            <root url="jrt://C:/Users/yuu_harada/scoop/apps/android-studio/current/jre!/jdk.internal.le" type="simple" />
            <root url="jrt://C:/Users/yuu_harada/scoop/apps/android-studio/current/jre!/jdk.internal.opt" type="simple" />
            <root url="jrt://C:/Users/yuu_harada/scoop/apps/android-studio/current/jre!/jdk.internal.vm.ci" type="simple" />
            <root url="jrt://C:/Users/yuu_harada/scoop/apps/android-studio/current/jre!/jdk.internal.vm.compiler" type="simple" />
            <root url="jrt://C:/Users/yuu_harada/scoop/apps/android-studio/current/jre!/jdk.internal.vm.compiler.management" type="simple" />
            <root url="jrt://C:/Users/yuu_harada/scoop/apps/android-studio/current/jre!/jdk.jartool" type="simple" />
            <root url="jrt://C:/Users/yuu_harada/scoop/apps/android-studio/current/jre!/jdk.javadoc" type="simple" />
            <root url="jrt://C:/Users/yuu_harada/scoop/apps/android-studio/current/jre!/jdk.jdeps" type="simple" />
            <root url="jrt://C:/Users/yuu_harada/scoop/apps/android-studio/current/jre!/jdk.jdi" type="simple" />
            <root url="jrt://C:/Users/yuu_harada/scoop/apps/android-studio/current/jre!/jdk.jdwp.agent" type="simple" />
            <root url="jrt://C:/Users/yuu_harada/scoop/apps/android-studio/current/jre!/jdk.jfr" type="simple" />
            <root url="jrt://C:/Users/yuu_harada/scoop/apps/android-studio/current/jre!/jdk.jlink" type="simple" />
            <root url="jrt://C:/Users/yuu_harada/scoop/apps/android-studio/current/jre!/jdk.jsobject" type="simple" />
            <root url="jrt://C:/Users/yuu_harada/scoop/apps/android-studio/current/jre!/jdk.localedata" type="simple" />
            <root url="jrt://C:/Users/yuu_harada/scoop/apps/android-studio/current/jre!/jdk.management" type="simple" />
            <root url="jrt://C:/Users/yuu_harada/scoop/apps/android-studio/current/jre!/jdk.management.agent" type="simple" />
            <root url="jrt://C:/Users/yuu_harada/scoop/apps/android-studio/current/jre!/jdk.management.jfr" type="simple" />
            <root url="jrt://C:/Users/yuu_harada/scoop/apps/android-studio/current/jre!/jdk.naming.dns" type="simple" />
            <root url="jrt://C:/Users/yuu_harada/scoop/apps/android-studio/current/jre!/jdk.naming.rmi" type="simple" />
            <root url="jrt://C:/Users/yuu_harada/scoop/apps/android-studio/current/jre!/jdk.net" type="simple" />
            <root url="jrt://C:/Users/yuu_harada/scoop/apps/android-studio/current/jre!/jdk.pack" type="simple" />
            <root url="jrt://C:/Users/yuu_harada/scoop/apps/android-studio/current/jre!/jdk.scripting.nashorn" type="simple" />
            <root url="jrt://C:/Users/yuu_harada/scoop/apps/android-studio/current/jre!/jdk.scripting.nashorn.shell" type="simple" />
            <root url="jrt://C:/Users/yuu_harada/scoop/apps/android-studio/current/jre!/jdk.sctp" type="simple" />
            <root url="jrt://C:/Users/yuu_harada/scoop/apps/android-studio/current/jre!/jdk.security.auth" type="simple" />
            <root url="jrt://C:/Users/yuu_harada/scoop/apps/android-studio/current/jre!/jdk.security.jgss" type="simple" />
            <root url="jrt://C:/Users/yuu_harada/scoop/apps/android-studio/current/jre!/jdk.unsupported" type="simple" />
            <root url="jrt://C:/Users/yuu_harada/scoop/apps/android-studio/current/jre!/jdk.xml.dom" type="simple" />
            <root url="jrt://C:/Users/yuu_harada/scoop/apps/android-studio/current/jre!/jdk.zipfs" type="simple" />
          </root>
        </classPath>
        <javadocPath>
          <root type="composite" />
        </javadocPath>
        <sourcePath>
          <root type="composite" />
        </sourcePath>
      </roots>
      <additional />
    </jdk>
    <jdk version="2">
      <name value="Embedded JDK" />
      <type value="JavaSDK" />
      <version value="version 11.0.13" />
      <homePath value="$APPLICATION_HOME_DIR$/jre" />
      <roots>
        <annotationsPath>
          <root type="composite">
            <root url="jar://$APPLICATION_HOME_DIR$/plugins/java/lib/jdkAnnotations.jar!/" type="simple" />
          </root>
        </annotationsPath>
        <classPath>
          <root type="composite">
            <root url="jrt://C:/Users/yuu_harada/scoop/apps/android-studio/current/jre!/java.base" type="simple" />
            <root url="jrt://C:/Users/yuu_harada/scoop/apps/android-studio/current/jre!/java.compiler" type="simple" />
            <root url="jrt://C:/Users/yuu_harada/scoop/apps/android-studio/current/jre!/java.datatransfer" type="simple" />
            <root url="jrt://C:/Users/yuu_harada/scoop/apps/android-studio/current/jre!/java.desktop" type="simple" />
            <root url="jrt://C:/Users/yuu_harada/scoop/apps/android-studio/current/jre!/java.instrument" type="simple" />
            <root url="jrt://C:/Users/yuu_harada/scoop/apps/android-studio/current/jre!/java.logging" type="simple" />
            <root url="jrt://C:/Users/yuu_harada/scoop/apps/android-studio/current/jre!/java.management" type="simple" />
            <root url="jrt://C:/Users/yuu_harada/scoop/apps/android-studio/current/jre!/java.management.rmi" type="simple" />
            <root url="jrt://C:/Users/yuu_harada/scoop/apps/android-studio/current/jre!/java.naming" type="simple" />
            <root url="jrt://C:/Users/yuu_harada/scoop/apps/android-studio/current/jre!/java.net.http" type="simple" />
            <root url="jrt://C:/Users/yuu_harada/scoop/apps/android-studio/current/jre!/java.prefs" type="simple" />
            <root url="jrt://C:/Users/yuu_harada/scoop/apps/android-studio/current/jre!/java.rmi" type="simple" />
            <root url="jrt://C:/Users/yuu_harada/scoop/apps/android-studio/current/jre!/java.scripting" type="simple" />
            <root url="jrt://C:/Users/yuu_harada/scoop/apps/android-studio/current/jre!/java.se" type="simple" />
            <root url="jrt://C:/Users/yuu_harada/scoop/apps/android-studio/current/jre!/java.security.jgss" type="simple" />
            <root url="jrt://C:/Users/yuu_harada/scoop/apps/android-studio/current/jre!/java.security.sasl" type="simple" />
            <root url="jrt://C:/Users/yuu_harada/scoop/apps/android-studio/current/jre!/java.smartcardio" type="simple" />
            <root url="jrt://C:/Users/yuu_harada/scoop/apps/android-studio/current/jre!/java.sql" type="simple" />
            <root url="jrt://C:/Users/yuu_harada/scoop/apps/android-studio/current/jre!/java.sql.rowset" type="simple" />
            <root url="jrt://C:/Users/yuu_harada/scoop/apps/android-studio/current/jre!/java.transaction.xa" type="simple" />
            <root url="jrt://C:/Users/yuu_harada/scoop/apps/android-studio/current/jre!/java.xml" type="simple" />
            <root url="jrt://C:/Users/yuu_harada/scoop/apps/android-studio/current/jre!/java.xml.crypto" type="simple" />
            <root url="jrt://C:/Users/yuu_harada/scoop/apps/android-studio/current/jre!/jdk.accessibility" type="simple" />
            <root url="jrt://C:/Users/yuu_harada/scoop/apps/android-studio/current/jre!/jdk.aot" type="simple" />
            <root url="jrt://C:/Users/yuu_harada/scoop/apps/android-studio/current/jre!/jdk.attach" type="simple" />
            <root url="jrt://C:/Users/yuu_harada/scoop/apps/android-studio/current/jre!/jdk.charsets" type="simple" />
            <root url="jrt://C:/Users/yuu_harada/scoop/apps/android-studio/current/jre!/jdk.compiler" type="simple" />
            <root url="jrt://C:/Users/yuu_harada/scoop/apps/android-studio/current/jre!/jdk.crypto.cryptoki" type="simple" />
            <root url="jrt://C:/Users/yuu_harada/scoop/apps/android-studio/current/jre!/jdk.crypto.ec" type="simple" />
            <root url="jrt://C:/Users/yuu_harada/scoop/apps/android-studio/current/jre!/jdk.dynalink" type="simple" />
            <root url="jrt://C:/Users/yuu_harada/scoop/apps/android-studio/current/jre!/jdk.hotspot.agent" type="simple" />
            <root url="jrt://C:/Users/yuu_harada/scoop/apps/android-studio/current/jre!/jdk.httpserver" type="simple" />
            <root url="jrt://C:/Users/yuu_harada/scoop/apps/android-studio/current/jre!/jdk.internal.ed" type="simple" />
            <root url="jrt://C:/Users/yuu_harada/scoop/apps/android-studio/current/jre!/jdk.internal.jvmstat" type="simple" />
            <root url="jrt://C:/Users/yuu_harada/scoop/apps/android-studio/current/jre!/jdk.internal.le" type="simple" />
            <root url="jrt://C:/Users/yuu_harada/scoop/apps/android-studio/current/jre!/jdk.internal.opt" type="simple" />
            <root url="jrt://C:/Users/yuu_harada/scoop/apps/android-studio/current/jre!/jdk.internal.vm.ci" type="simple" />
            <root url="jrt://C:/Users/yuu_harada/scoop/apps/android-studio/current/jre!/jdk.internal.vm.compiler" type="simple" />
            <root url="jrt://C:/Users/yuu_harada/scoop/apps/android-studio/current/jre!/jdk.internal.vm.compiler.management" type="simple" />
            <root url="jrt://C:/Users/yuu_harada/scoop/apps/android-studio/current/jre!/jdk.jartool" type="simple" />
            <root url="jrt://C:/Users/yuu_harada/scoop/apps/android-studio/current/jre!/jdk.javadoc" type="simple" />
            <root url="jrt://C:/Users/yuu_harada/scoop/apps/android-studio/current/jre!/jdk.jdeps" type="simple" />
            <root url="jrt://C:/Users/yuu_harada/scoop/apps/android-studio/current/jre!/jdk.jdi" type="simple" />
            <root url="jrt://C:/Users/yuu_harada/scoop/apps/android-studio/current/jre!/jdk.jdwp.agent" type="simple" />
            <root url="jrt://C:/Users/yuu_harada/scoop/apps/android-studio/current/jre!/jdk.jfr" type="simple" />
            <root url="jrt://C:/Users/yuu_harada/scoop/apps/android-studio/current/jre!/jdk.jlink" type="simple" />
            <root url="jrt://C:/Users/yuu_harada/scoop/apps/android-studio/current/jre!/jdk.jsobject" type="simple" />
            <root url="jrt://C:/Users/yuu_harada/scoop/apps/android-studio/current/jre!/jdk.localedata" type="simple" />
            <root url="jrt://C:/Users/yuu_harada/scoop/apps/android-studio/current/jre!/jdk.management" type="simple" />
            <root url="jrt://C:/Users/yuu_harada/scoop/apps/android-studio/current/jre!/jdk.management.agent" type="simple" />
            <root url="jrt://C:/Users/yuu_harada/scoop/apps/android-studio/current/jre!/jdk.management.jfr" type="simple" />
            <root url="jrt://C:/Users/yuu_harada/scoop/apps/android-studio/current/jre!/jdk.naming.dns" type="simple" />
            <root url="jrt://C:/Users/yuu_harada/scoop/apps/android-studio/current/jre!/jdk.naming.rmi" type="simple" />
            <root url="jrt://C:/Users/yuu_harada/scoop/apps/android-studio/current/jre!/jdk.net" type="simple" />
            <root url="jrt://C:/Users/yuu_harada/scoop/apps/android-studio/current/jre!/jdk.pack" type="simple" />
            <root url="jrt://C:/Users/yuu_harada/scoop/apps/android-studio/current/jre!/jdk.scripting.nashorn" type="simple" />
            <root url="jrt://C:/Users/yuu_harada/scoop/apps/android-studio/current/jre!/jdk.scripting.nashorn.shell" type="simple" />
            <root url="jrt://C:/Users/yuu_harada/scoop/apps/android-studio/current/jre!/jdk.sctp" type="simple" />
            <root url="jrt://C:/Users/yuu_harada/scoop/apps/android-studio/current/jre!/jdk.security.auth" type="simple" />
            <root url="jrt://C:/Users/yuu_harada/scoop/apps/android-studio/current/jre!/jdk.security.jgss" type="simple" />
            <root url="jrt://C:/Users/yuu_harada/scoop/apps/android-studio/current/jre!/jdk.unsupported" type="simple" />
            <root url="jrt://C:/Users/yuu_harada/scoop/apps/android-studio/current/jre!/jdk.xml.dom" type="simple" />
            <root url="jrt://C:/Users/yuu_harada/scoop/apps/android-studio/current/jre!/jdk.zipfs" type="simple" />
          </root>
        </classPath>
        <javadocPath>
          <root type="composite" />
        </javadocPath>
        <sourcePath>
          <root type="composite" />
        </sourcePath>
      </roots>
      <additional />
    </jdk>
    <jdk version="2">
      <name value="Android API 26 Platform" />
      <type value="Android SDK" />
      <homePath value="$USER_HOME$/scoop/apps/android-sdk/current" />
      <roots>
        <annotationsPath>
          <root type="composite">
            <root url="jar://$APPLICATION_HOME_DIR$/plugins/android/resources/androidAnnotations.jar!/" type="simple" />
          </root>
        </annotationsPath>
        <classPath>
          <root type="composite">
            <root url="jar://$USER_HOME$/scoop/apps/android-sdk/current/platforms/android-26/android.jar!/" type="simple" />
            <root url="file://$USER_HOME$/scoop/apps/android-sdk/current/platforms/android-26/data/res" type="simple" />
          </root>
        </classPath>
        <javadocPath>
          <root type="composite">
            <root url="http://developer.android.com/reference/" type="simple" />
          </root>
        </javadocPath>
        <sourcePath>
          <root type="composite" />
        </sourcePath>
      </roots>
      <additional jdk="JDK" sdk="android-26" />
    </jdk>
    <jdk version="2">
      <name value="Android API 29 Platform" />
      <type value="Android SDK" />
      <homePath value="$USER_HOME$/scoop/apps/android-sdk/current" />
      <roots>
        <annotationsPath>
          <root type="composite">
            <root url="jar://$USER_HOME$/scoop/apps/android-sdk/current/platforms/android-29/data/annotations.zip!/" type="simple" />
          </root>
        </annotationsPath>
        <classPath>
          <root type="composite">
            <root url="jar://$USER_HOME$/scoop/apps/android-sdk/current/platforms/android-29/android.jar!/" type="simple" />
            <root url="file://$USER_HOME$/scoop/apps/android-sdk/current/platforms/android-29/data/res" type="simple" />
          </root>
        </classPath>
        <javadocPath>
          <root type="composite" />
        </javadocPath>
        <sourcePath>
          <root type="composite">
            <root url="file://$USER_HOME$/scoop/apps/android-sdk/current/sources/android-29" type="simple" />
          </root>
        </sourcePath>
      </roots>
      <additional jdk="JDK" sdk="android-29" />
    </jdk>
    <jdk version="2">
      <name value="Android API 30 Platform" />
      <type value="Android SDK" />
      <homePath value="$USER_HOME$/scoop/apps/android-sdk/current" />
      <roots>
        <annotationsPath>
          <root type="composite">
            <root url="jar://$USER_HOME$/scoop/apps/android-sdk/current/platforms/android-30/data/annotations.zip!/" type="simple" />
          </root>
        </annotationsPath>
        <classPath>
          <root type="composite">
            <root url="jar://$USER_HOME$/scoop/apps/android-sdk/current/platforms/android-30/android.jar!/" type="simple" />
            <root url="file://$USER_HOME$/scoop/apps/android-sdk/current/platforms/android-30/data/res" type="simple" />
          </root>
        </classPath>
        <javadocPath>
          <root type="composite">
            <root url="http://developer.android.com/reference/" type="simple" />
          </root>
        </javadocPath>
        <sourcePath>
          <root type="composite" />
        </sourcePath>
      </roots>
      <additional jdk="JDK" sdk="android-30" />
    </jdk>
    <jdk version="2">
      <name value="Android API 31 Platform" />
      <type value="Android SDK" />
      <homePath value="$USER_HOME$/scoop/apps/android-sdk/current" />
      <roots>
        <annotationsPath>
          <root type="composite">
            <root url="jar://$USER_HOME$/scoop/apps/android-sdk/current/platforms/android-31/data/annotations.zip!/" type="simple" />
          </root>
        </annotationsPath>
        <classPath>
          <root type="composite">
            <root url="jar://$USER_HOME$/scoop/apps/android-sdk/current/platforms/android-31/android.jar!/" type="simple" />
            <root url="file://$USER_HOME$/scoop/apps/android-sdk/current/platforms/android-31/data/res" type="simple" />
          </root>
        </classPath>
        <javadocPath>
          <root type="composite">
            <root url="http://developer.android.com/reference/" type="simple" />
          </root>
        </javadocPath>
        <sourcePath>
          <root type="composite" />
        </sourcePath>
      </roots>
      <additional jdk="JDK" sdk="android-31" />
    </jdk>
    <jdk version="2">
      <name value="Android API 32 Platform" />
      <type value="Android SDK" />
      <homePath value="$USER_HOME$/scoop/apps/android-sdk/current" />
      <roots>
        <annotationsPath>
          <root type="composite">
            <root url="jar://$USER_HOME$/scoop/apps/android-sdk/current/platforms/android-32/data/annotations.zip!/" type="simple" />
          </root>
        </annotationsPath>
        <classPath>
          <root type="composite">
            <root url="jar://$USER_HOME$/scoop/apps/android-sdk/current/platforms/android-32/android.jar!/" type="simple" />
            <root url="file://$USER_HOME$/scoop/apps/android-sdk/current/platforms/android-32/data/res" type="simple" />
          </root>
        </classPath>
        <javadocPath>
          <root type="composite">
            <root url="http://developer.android.com/reference/" type="simple" />
          </root>
        </javadocPath>
        <sourcePath>
          <root type="composite" />
        </sourcePath>
      </roots>
      <additional jdk="JDK" sdk="android-32" />
    </jdk>
    <jdk version="2">
      <name value="Android API 33, extension level 3 Platform" />
      <type value="Android SDK" />
      <version value="version 11.0.13" />
      <homePath value="$USER_HOME$/scoop/apps/android-sdk/current" />
      <roots>
        <annotationsPath>
          <root type="composite">
            <root url="jar://$USER_HOME$/scoop/apps/android-sdk/current/platforms/android-33/data/annotations.zip!/" type="simple" />
          </root>
        </annotationsPath>
        <classPath>
          <root type="composite">
            <root url="jar://$USER_HOME$/scoop/apps/android-sdk/current/platforms/android-33/android.jar!/" type="simple" />
            <root url="file://$USER_HOME$/scoop/apps/android-sdk/current/platforms/android-33/data/res" type="simple" />
          </root>
        </classPath>
        <javadocPath>
          <root type="composite" />
        </javadocPath>
        <sourcePath>
          <root type="composite">
            <root url="file://$USER_HOME$/scoop/apps/android-sdk/current/sources/android-33" type="simple" />
          </root>
        </sourcePath>
      </roots>
      <additional jdk="JDK" sdk="android-33" />
    </jdk>
    <jdk version="2">
      <name value="Android API 33, extension level 4 Platform" />
      <type value="Android SDK" />
      <homePath value="$USER_HOME$/scoop/apps/android-sdk/current" />
      <roots>
        <annotationsPath>
          <root type="composite">
            <root url="jar://$USER_HOME$/scoop/apps/android-sdk/current/platforms/android-33-ext4/data/annotations.zip!/" type="simple" />
          </root>
        </annotationsPath>
        <classPath>
          <root type="composite">
            <root url="jar://$USER_HOME$/scoop/apps/android-sdk/current/platforms/android-33-ext4/android.jar!/" type="simple" />
            <root url="file://$USER_HOME$/scoop/apps/android-sdk/current/platforms/android-33-ext4/data/res" type="simple" />
          </root>
        </classPath>
        <javadocPath>
          <root type="composite">
            <root url="http://developer.android.com/reference/" type="simple" />
          </root>
        </javadocPath>
        <sourcePath>
          <root type="composite" />
        </sourcePath>
      </roots>
      <additional jdk="JDK" sdk="android-33-ext4" />
    </jdk>
    <jdk version="2">
      <name value="15" />
      <type value="JavaSDK" />
      <version value="Oracle OpenJDK version 15.0.2" />
      <homePath value="$USER_HOME$/scoop/apps/openjdk15/current" />
      <roots>
        <annotationsPath>
          <root type="composite">
            <root url="jar://$APPLICATION_HOME_DIR$/plugins/java/lib/jdkAnnotations.jar!/" type="simple" />
          </root>
        </annotationsPath>
        <classPath>
          <root type="composite">
            <root url="jrt://C:/Users/yuu_harada/scoop/apps/openjdk15/current!/java.base" type="simple" />
            <root url="jrt://C:/Users/yuu_harada/scoop/apps/openjdk15/current!/java.compiler" type="simple" />
            <root url="jrt://C:/Users/yuu_harada/scoop/apps/openjdk15/current!/java.datatransfer" type="simple" />
            <root url="jrt://C:/Users/yuu_harada/scoop/apps/openjdk15/current!/java.desktop" type="simple" />
            <root url="jrt://C:/Users/yuu_harada/scoop/apps/openjdk15/current!/java.instrument" type="simple" />
            <root url="jrt://C:/Users/yuu_harada/scoop/apps/openjdk15/current!/java.logging" type="simple" />
            <root url="jrt://C:/Users/yuu_harada/scoop/apps/openjdk15/current!/java.management" type="simple" />
            <root url="jrt://C:/Users/yuu_harada/scoop/apps/openjdk15/current!/java.management.rmi" type="simple" />
            <root url="jrt://C:/Users/yuu_harada/scoop/apps/openjdk15/current!/java.naming" type="simple" />
            <root url="jrt://C:/Users/yuu_harada/scoop/apps/openjdk15/current!/java.net.http" type="simple" />
            <root url="jrt://C:/Users/yuu_harada/scoop/apps/openjdk15/current!/java.prefs" type="simple" />
            <root url="jrt://C:/Users/yuu_harada/scoop/apps/openjdk15/current!/java.rmi" type="simple" />
            <root url="jrt://C:/Users/yuu_harada/scoop/apps/openjdk15/current!/java.scripting" type="simple" />
            <root url="jrt://C:/Users/yuu_harada/scoop/apps/openjdk15/current!/java.se" type="simple" />
            <root url="jrt://C:/Users/yuu_harada/scoop/apps/openjdk15/current!/java.security.jgss" type="simple" />
            <root url="jrt://C:/Users/yuu_harada/scoop/apps/openjdk15/current!/java.security.sasl" type="simple" />
            <root url="jrt://C:/Users/yuu_harada/scoop/apps/openjdk15/current!/java.smartcardio" type="simple" />
            <root url="jrt://C:/Users/yuu_harada/scoop/apps/openjdk15/current!/java.sql" type="simple" />
            <root url="jrt://C:/Users/yuu_harada/scoop/apps/openjdk15/current!/java.sql.rowset" type="simple" />
            <root url="jrt://C:/Users/yuu_harada/scoop/apps/openjdk15/current!/java.transaction.xa" type="simple" />
            <root url="jrt://C:/Users/yuu_harada/scoop/apps/openjdk15/current!/java.xml" type="simple" />
            <root url="jrt://C:/Users/yuu_harada/scoop/apps/openjdk15/current!/java.xml.crypto" type="simple" />
            <root url="jrt://C:/Users/yuu_harada/scoop/apps/openjdk15/current!/jdk.accessibility" type="simple" />
            <root url="jrt://C:/Users/yuu_harada/scoop/apps/openjdk15/current!/jdk.aot" type="simple" />
            <root url="jrt://C:/Users/yuu_harada/scoop/apps/openjdk15/current!/jdk.attach" type="simple" />
            <root url="jrt://C:/Users/yuu_harada/scoop/apps/openjdk15/current!/jdk.charsets" type="simple" />
            <root url="jrt://C:/Users/yuu_harada/scoop/apps/openjdk15/current!/jdk.compiler" type="simple" />
            <root url="jrt://C:/Users/yuu_harada/scoop/apps/openjdk15/current!/jdk.crypto.cryptoki" type="simple" />
            <root url="jrt://C:/Users/yuu_harada/scoop/apps/openjdk15/current!/jdk.crypto.ec" type="simple" />
            <root url="jrt://C:/Users/yuu_harada/scoop/apps/openjdk15/current!/jdk.crypto.mscapi" type="simple" />
            <root url="jrt://C:/Users/yuu_harada/scoop/apps/openjdk15/current!/jdk.dynalink" type="simple" />
            <root url="jrt://C:/Users/yuu_harada/scoop/apps/openjdk15/current!/jdk.editpad" type="simple" />
            <root url="jrt://C:/Users/yuu_harada/scoop/apps/openjdk15/current!/jdk.hotspot.agent" type="simple" />
            <root url="jrt://C:/Users/yuu_harada/scoop/apps/openjdk15/current!/jdk.httpserver" type="simple" />
            <root url="jrt://C:/Users/yuu_harada/scoop/apps/openjdk15/current!/jdk.incubator.foreign" type="simple" />
            <root url="jrt://C:/Users/yuu_harada/scoop/apps/openjdk15/current!/jdk.incubator.jpackage" type="simple" />
            <root url="jrt://C:/Users/yuu_harada/scoop/apps/openjdk15/current!/jdk.internal.ed" type="simple" />
            <root url="jrt://C:/Users/yuu_harada/scoop/apps/openjdk15/current!/jdk.internal.jvmstat" type="simple" />
            <root url="jrt://C:/Users/yuu_harada/scoop/apps/openjdk15/current!/jdk.internal.le" type="simple" />
            <root url="jrt://C:/Users/yuu_harada/scoop/apps/openjdk15/current!/jdk.internal.opt" type="simple" />
            <root url="jrt://C:/Users/yuu_harada/scoop/apps/openjdk15/current!/jdk.internal.vm.ci" type="simple" />
            <root url="jrt://C:/Users/yuu_harada/scoop/apps/openjdk15/current!/jdk.internal.vm.compiler" type="simple" />
            <root url="jrt://C:/Users/yuu_harada/scoop/apps/openjdk15/current!/jdk.internal.vm.compiler.management" type="simple" />
            <root url="jrt://C:/Users/yuu_harada/scoop/apps/openjdk15/current!/jdk.jartool" type="simple" />
            <root url="jrt://C:/Users/yuu_harada/scoop/apps/openjdk15/current!/jdk.javadoc" type="simple" />
            <root url="jrt://C:/Users/yuu_harada/scoop/apps/openjdk15/current!/jdk.jcmd" type="simple" />
            <root url="jrt://C:/Users/yuu_harada/scoop/apps/openjdk15/current!/jdk.jconsole" type="simple" />
            <root url="jrt://C:/Users/yuu_harada/scoop/apps/openjdk15/current!/jdk.jdeps" type="simple" />
            <root url="jrt://C:/Users/yuu_harada/scoop/apps/openjdk15/current!/jdk.jdi" type="simple" />
            <root url="jrt://C:/Users/yuu_harada/scoop/apps/openjdk15/current!/jdk.jdwp.agent" type="simple" />
            <root url="jrt://C:/Users/yuu_harada/scoop/apps/openjdk15/current!/jdk.jfr" type="simple" />
            <root url="jrt://C:/Users/yuu_harada/scoop/apps/openjdk15/current!/jdk.jlink" type="simple" />
            <root url="jrt://C:/Users/yuu_harada/scoop/apps/openjdk15/current!/jdk.jshell" type="simple" />
            <root url="jrt://C:/Users/yuu_harada/scoop/apps/openjdk15/current!/jdk.jsobject" type="simple" />
            <root url="jrt://C:/Users/yuu_harada/scoop/apps/openjdk15/current!/jdk.jstatd" type="simple" />
            <root url="jrt://C:/Users/yuu_harada/scoop/apps/openjdk15/current!/jdk.localedata" type="simple" />
            <root url="jrt://C:/Users/yuu_harada/scoop/apps/openjdk15/current!/jdk.management" type="simple" />
            <root url="jrt://C:/Users/yuu_harada/scoop/apps/openjdk15/current!/jdk.management.agent" type="simple" />
            <root url="jrt://C:/Users/yuu_harada/scoop/apps/openjdk15/current!/jdk.management.jfr" type="simple" />
            <root url="jrt://C:/Users/yuu_harada/scoop/apps/openjdk15/current!/jdk.naming.dns" type="simple" />
            <root url="jrt://C:/Users/yuu_harada/scoop/apps/openjdk15/current!/jdk.naming.rmi" type="simple" />
            <root url="jrt://C:/Users/yuu_harada/scoop/apps/openjdk15/current!/jdk.net" type="simple" />
            <root url="jrt://C:/Users/yuu_harada/scoop/apps/openjdk15/current!/jdk.nio.mapmode" type="simple" />
            <root url="jrt://C:/Users/yuu_harada/scoop/apps/openjdk15/current!/jdk.sctp" type="simple" />
            <root url="jrt://C:/Users/yuu_harada/scoop/apps/openjdk15/current!/jdk.security.auth" type="simple" />
            <root url="jrt://C:/Users/yuu_harada/scoop/apps/openjdk15/current!/jdk.security.jgss" type="simple" />
            <root url="jrt://C:/Users/yuu_harada/scoop/apps/openjdk15/current!/jdk.unsupported" type="simple" />
            <root url="jrt://C:/Users/yuu_harada/scoop/apps/openjdk15/current!/jdk.unsupported.desktop" type="simple" />
            <root url="jrt://C:/Users/yuu_harada/scoop/apps/openjdk15/current!/jdk.xml.dom" type="simple" />
            <root url="jrt://C:/Users/yuu_harada/scoop/apps/openjdk15/current!/jdk.zipfs" type="simple" />
          </root>
        </classPath>
        <javadocPath>
          <root type="composite" />
        </javadocPath>
        <sourcePath>
          <root type="composite">
            <root url="jar://$USER_HOME$/scoop/apps/openjdk15/current/lib/src.zip!/java.se" type="simple" />
            <root url="jar://$USER_HOME$/scoop/apps/openjdk15/current/lib/src.zip!/jdk.aot" type="simple" />
            <root url="jar://$USER_HOME$/scoop/apps/openjdk15/current/lib/src.zip!/jdk.jdi" type="simple" />
            <root url="jar://$USER_HOME$/scoop/apps/openjdk15/current/lib/src.zip!/jdk.jfr" type="simple" />
            <root url="jar://$USER_HOME$/scoop/apps/openjdk15/current/lib/src.zip!/jdk.net" type="simple" />
            <root url="jar://$USER_HOME$/scoop/apps/openjdk15/current/lib/src.zip!/java.rmi" type="simple" />
            <root url="jar://$USER_HOME$/scoop/apps/openjdk15/current/lib/src.zip!/java.sql" type="simple" />
            <root url="jar://$USER_HOME$/scoop/apps/openjdk15/current/lib/src.zip!/java.xml" type="simple" />
            <root url="jar://$USER_HOME$/scoop/apps/openjdk15/current/lib/src.zip!/jdk.jcmd" type="simple" />
            <root url="jar://$USER_HOME$/scoop/apps/openjdk15/current/lib/src.zip!/jdk.sctp" type="simple" />
            <root url="jar://$USER_HOME$/scoop/apps/openjdk15/current/lib/src.zip!/java.base" type="simple" />
            <root url="jar://$USER_HOME$/scoop/apps/openjdk15/current/lib/src.zip!/jdk.jdeps" type="simple" />
            <root url="jar://$USER_HOME$/scoop/apps/openjdk15/current/lib/src.zip!/jdk.jlink" type="simple" />
            <root url="jar://$USER_HOME$/scoop/apps/openjdk15/current/lib/src.zip!/jdk.zipfs" type="simple" />
            <root url="jar://$USER_HOME$/scoop/apps/openjdk15/current/lib/src.zip!/java.prefs" type="simple" />
            <root url="jar://$USER_HOME$/scoop/apps/openjdk15/current/lib/src.zip!/jdk.attach" type="simple" />
            <root url="jar://$USER_HOME$/scoop/apps/openjdk15/current/lib/src.zip!/jdk.jshell" type="simple" />
            <root url="jar://$USER_HOME$/scoop/apps/openjdk15/current/lib/src.zip!/jdk.jstatd" type="simple" />
            <root url="jar://$USER_HOME$/scoop/apps/openjdk15/current/lib/src.zip!/java.naming" type="simple" />
            <root url="jar://$USER_HOME$/scoop/apps/openjdk15/current/lib/src.zip!/jdk.editpad" type="simple" />
            <root url="jar://$USER_HOME$/scoop/apps/openjdk15/current/lib/src.zip!/jdk.jartool" type="simple" />
            <root url="jar://$USER_HOME$/scoop/apps/openjdk15/current/lib/src.zip!/jdk.javadoc" type="simple" />
            <root url="jar://$USER_HOME$/scoop/apps/openjdk15/current/lib/src.zip!/jdk.xml.dom" type="simple" />
            <root url="jar://$USER_HOME$/scoop/apps/openjdk15/current/lib/src.zip!/java.desktop" type="simple" />
            <root url="jar://$USER_HOME$/scoop/apps/openjdk15/current/lib/src.zip!/java.logging" type="simple" />
            <root url="jar://$USER_HOME$/scoop/apps/openjdk15/current/lib/src.zip!/jdk.charsets" type="simple" />
            <root url="jar://$USER_HOME$/scoop/apps/openjdk15/current/lib/src.zip!/jdk.compiler" type="simple" />
            <root url="jar://$USER_HOME$/scoop/apps/openjdk15/current/lib/src.zip!/jdk.dynalink" type="simple" />
            <root url="jar://$USER_HOME$/scoop/apps/openjdk15/current/lib/src.zip!/jdk.jconsole" type="simple" />
            <root url="jar://$USER_HOME$/scoop/apps/openjdk15/current/lib/src.zip!/jdk.jsobject" type="simple" />
            <root url="jar://$USER_HOME$/scoop/apps/openjdk15/current/lib/src.zip!/java.compiler" type="simple" />
            <root url="jar://$USER_HOME$/scoop/apps/openjdk15/current/lib/src.zip!/java.net.http" type="simple" />
            <root url="jar://$USER_HOME$/scoop/apps/openjdk15/current/lib/src.zip!/jdk.crypto.ec" type="simple" />
            <root url="jar://$USER_HOME$/scoop/apps/openjdk15/current/lib/src.zip!/java.scripting" type="simple" />
            <root url="jar://$USER_HOME$/scoop/apps/openjdk15/current/lib/src.zip!/jdk.httpserver" type="simple" />
            <root url="jar://$USER_HOME$/scoop/apps/openjdk15/current/lib/src.zip!/jdk.jdwp.agent" type="simple" />
            <root url="jar://$USER_HOME$/scoop/apps/openjdk15/current/lib/src.zip!/jdk.localedata" type="simple" />
            <root url="jar://$USER_HOME$/scoop/apps/openjdk15/current/lib/src.zip!/jdk.management" type="simple" />
            <root url="jar://$USER_HOME$/scoop/apps/openjdk15/current/lib/src.zip!/jdk.naming.dns" type="simple" />
            <root url="jar://$USER_HOME$/scoop/apps/openjdk15/current/lib/src.zip!/jdk.naming.rmi" type="simple" />
            <root url="jar://$USER_HOME$/scoop/apps/openjdk15/current/lib/src.zip!/java.instrument" type="simple" />
            <root url="jar://$USER_HOME$/scoop/apps/openjdk15/current/lib/src.zip!/java.management" type="simple" />
            <root url="jar://$USER_HOME$/scoop/apps/openjdk15/current/lib/src.zip!/java.sql.rowset" type="simple" />
            <root url="jar://$USER_HOME$/scoop/apps/openjdk15/current/lib/src.zip!/java.xml.crypto" type="simple" />
            <root url="jar://$USER_HOME$/scoop/apps/openjdk15/current/lib/src.zip!/jdk.internal.ed" type="simple" />
            <root url="jar://$USER_HOME$/scoop/apps/openjdk15/current/lib/src.zip!/jdk.internal.le" type="simple" />
            <root url="jar://$USER_HOME$/scoop/apps/openjdk15/current/lib/src.zip!/jdk.nio.mapmode" type="simple" />
            <root url="jar://$USER_HOME$/scoop/apps/openjdk15/current/lib/src.zip!/jdk.unsupported" type="simple" />
            <root url="jar://$USER_HOME$/scoop/apps/openjdk15/current/lib/src.zip!/java.smartcardio" type="simple" />
            <root url="jar://$USER_HOME$/scoop/apps/openjdk15/current/lib/src.zip!/jdk.internal.opt" type="simple" />
            <root url="jar://$USER_HOME$/scoop/apps/openjdk15/current/lib/src.zip!/java.datatransfer" type="simple" />
            <root url="jar://$USER_HOME$/scoop/apps/openjdk15/current/lib/src.zip!/jdk.accessibility" type="simple" />
            <root url="jar://$USER_HOME$/scoop/apps/openjdk15/current/lib/src.zip!/jdk.crypto.mscapi" type="simple" />
            <root url="jar://$USER_HOME$/scoop/apps/openjdk15/current/lib/src.zip!/jdk.hotspot.agent" type="simple" />
            <root url="jar://$USER_HOME$/scoop/apps/openjdk15/current/lib/src.zip!/jdk.security.auth" type="simple" />
            <root url="jar://$USER_HOME$/scoop/apps/openjdk15/current/lib/src.zip!/jdk.security.jgss" type="simple" />
            <root url="jar://$USER_HOME$/scoop/apps/openjdk15/current/lib/src.zip!/java.security.jgss" type="simple" />
            <root url="jar://$USER_HOME$/scoop/apps/openjdk15/current/lib/src.zip!/java.security.sasl" type="simple" />
            <root url="jar://$USER_HOME$/scoop/apps/openjdk15/current/lib/src.zip!/jdk.internal.vm.ci" type="simple" />
            <root url="jar://$USER_HOME$/scoop/apps/openjdk15/current/lib/src.zip!/jdk.management.jfr" type="simple" />
            <root url="jar://$USER_HOME$/scoop/apps/openjdk15/current/lib/src.zip!/java.management.rmi" type="simple" />
            <root url="jar://$USER_HOME$/scoop/apps/openjdk15/current/lib/src.zip!/java.transaction.xa" type="simple" />
            <root url="jar://$USER_HOME$/scoop/apps/openjdk15/current/lib/src.zip!/jdk.crypto.cryptoki" type="simple" />
            <root url="jar://$USER_HOME$/scoop/apps/openjdk15/current/lib/src.zip!/jdk.internal.jvmstat" type="simple" />
            <root url="jar://$USER_HOME$/scoop/apps/openjdk15/current/lib/src.zip!/jdk.management.agent" type="simple" />
            <root url="jar://$USER_HOME$/scoop/apps/openjdk15/current/lib/src.zip!/jdk.incubator.foreign" type="simple" />
            <root url="jar://$USER_HOME$/scoop/apps/openjdk15/current/lib/src.zip!/jdk.incubator.jpackage" type="simple" />
            <root url="jar://$USER_HOME$/scoop/apps/openjdk15/current/lib/src.zip!/jdk.unsupported.desktop" type="simple" />
            <root url="jar://$USER_HOME$/scoop/apps/openjdk15/current/lib/src.zip!/jdk.internal.vm.compiler" type="simple" />
            <root url="jar://$USER_HOME$/scoop/apps/openjdk15/current/lib/src.zip!/jdk.internal.vm.compiler.management" type="simple" />
          </root>
        </sourcePath>
      </roots>
      <additional />
    </jdk>
    <jdk version="2">
      <name value="Android Studio java home" />
      <type value="JavaSDK" />
      <version value="version 11.0.13" />
      <homePath value="$APPLICATION_HOME_DIR$/jre" />
      <roots>
        <annotationsPath>
          <root type="composite">
            <root url="jar://$APPLICATION_HOME_DIR$/plugins/java/lib/jdkAnnotations.jar!/" type="simple" />
          </root>
        </annotationsPath>
        <classPath>
          <root type="composite">
            <root url="jrt://C:/Users/yuu_harada/scoop/apps/android-studio/current/jre!/java.base" type="simple" />
            <root url="jrt://C:/Users/yuu_harada/scoop/apps/android-studio/current/jre!/java.compiler" type="simple" />
            <root url="jrt://C:/Users/yuu_harada/scoop/apps/android-studio/current/jre!/java.datatransfer" type="simple" />
            <root url="jrt://C:/Users/yuu_harada/scoop/apps/android-studio/current/jre!/java.desktop" type="simple" />
            <root url="jrt://C:/Users/yuu_harada/scoop/apps/android-studio/current/jre!/java.instrument" type="simple" />
            <root url="jrt://C:/Users/yuu_harada/scoop/apps/android-studio/current/jre!/java.logging" type="simple" />
            <root url="jrt://C:/Users/yuu_harada/scoop/apps/android-studio/current/jre!/java.management" type="simple" />
            <root url="jrt://C:/Users/yuu_harada/scoop/apps/android-studio/current/jre!/java.management.rmi" type="simple" />
            <root url="jrt://C:/Users/yuu_harada/scoop/apps/android-studio/current/jre!/java.naming" type="simple" />
            <root url="jrt://C:/Users/yuu_harada/scoop/apps/android-studio/current/jre!/java.net.http" type="simple" />
            <root url="jrt://C:/Users/yuu_harada/scoop/apps/android-studio/current/jre!/java.prefs" type="simple" />
            <root url="jrt://C:/Users/yuu_harada/scoop/apps/android-studio/current/jre!/java.rmi" type="simple" />
            <root url="jrt://C:/Users/yuu_harada/scoop/apps/android-studio/current/jre!/java.scripting" type="simple" />
            <root url="jrt://C:/Users/yuu_harada/scoop/apps/android-studio/current/jre!/java.se" type="simple" />
            <root url="jrt://C:/Users/yuu_harada/scoop/apps/android-studio/current/jre!/java.security.jgss" type="simple" />
            <root url="jrt://C:/Users/yuu_harada/scoop/apps/android-studio/current/jre!/java.security.sasl" type="simple" />
            <root url="jrt://C:/Users/yuu_harada/scoop/apps/android-studio/current/jre!/java.smartcardio" type="simple" />
            <root url="jrt://C:/Users/yuu_harada/scoop/apps/android-studio/current/jre!/java.sql" type="simple" />
            <root url="jrt://C:/Users/yuu_harada/scoop/apps/android-studio/current/jre!/java.sql.rowset" type="simple" />
            <root url="jrt://C:/Users/yuu_harada/scoop/apps/android-studio/current/jre!/java.transaction.xa" type="simple" />
            <root url="jrt://C:/Users/yuu_harada/scoop/apps/android-studio/current/jre!/java.xml" type="simple" />
            <root url="jrt://C:/Users/yuu_harada/scoop/apps/android-studio/current/jre!/java.xml.crypto" type="simple" />
            <root url="jrt://C:/Users/yuu_harada/scoop/apps/android-studio/current/jre!/jdk.accessibility" type="simple" />
            <root url="jrt://C:/Users/yuu_harada/scoop/apps/android-studio/current/jre!/jdk.aot" type="simple" />
            <root url="jrt://C:/Users/yuu_harada/scoop/apps/android-studio/current/jre!/jdk.attach" type="simple" />
            <root url="jrt://C:/Users/yuu_harada/scoop/apps/android-studio/current/jre!/jdk.charsets" type="simple" />
            <root url="jrt://C:/Users/yuu_harada/scoop/apps/android-studio/current/jre!/jdk.compiler" type="simple" />
            <root url="jrt://C:/Users/yuu_harada/scoop/apps/android-studio/current/jre!/jdk.crypto.cryptoki" type="simple" />
            <root url="jrt://C:/Users/yuu_harada/scoop/apps/android-studio/current/jre!/jdk.crypto.ec" type="simple" />
            <root url="jrt://C:/Users/yuu_harada/scoop/apps/android-studio/current/jre!/jdk.dynalink" type="simple" />
            <root url="jrt://C:/Users/yuu_harada/scoop/apps/android-studio/current/jre!/jdk.hotspot.agent" type="simple" />
            <root url="jrt://C:/Users/yuu_harada/scoop/apps/android-studio/current/jre!/jdk.httpserver" type="simple" />
            <root url="jrt://C:/Users/yuu_harada/scoop/apps/android-studio/current/jre!/jdk.internal.ed" type="simple" />
            <root url="jrt://C:/Users/yuu_harada/scoop/apps/android-studio/current/jre!/jdk.internal.jvmstat" type="simple" />
            <root url="jrt://C:/Users/yuu_harada/scoop/apps/android-studio/current/jre!/jdk.internal.le" type="simple" />
            <root url="jrt://C:/Users/yuu_harada/scoop/apps/android-studio/current/jre!/jdk.internal.opt" type="simple" />
            <root url="jrt://C:/Users/yuu_harada/scoop/apps/android-studio/current/jre!/jdk.internal.vm.ci" type="simple" />
            <root url="jrt://C:/Users/yuu_harada/scoop/apps/android-studio/current/jre!/jdk.internal.vm.compiler" type="simple" />
            <root url="jrt://C:/Users/yuu_harada/scoop/apps/android-studio/current/jre!/jdk.internal.vm.compiler.management" type="simple" />
            <root url="jrt://C:/Users/yuu_harada/scoop/apps/android-studio/current/jre!/jdk.jartool" type="simple" />
            <root url="jrt://C:/Users/yuu_harada/scoop/apps/android-studio/current/jre!/jdk.javadoc" type="simple" />
            <root url="jrt://C:/Users/yuu_harada/scoop/apps/android-studio/current/jre!/jdk.jdeps" type="simple" />
            <root url="jrt://C:/Users/yuu_harada/scoop/apps/android-studio/current/jre!/jdk.jdi" type="simple" />
            <root url="jrt://C:/Users/yuu_harada/scoop/apps/android-studio/current/jre!/jdk.jdwp.agent" type="simple" />
            <root url="jrt://C:/Users/yuu_harada/scoop/apps/android-studio/current/jre!/jdk.jfr" type="simple" />
            <root url="jrt://C:/Users/yuu_harada/scoop/apps/android-studio/current/jre!/jdk.jlink" type="simple" />
            <root url="jrt://C:/Users/yuu_harada/scoop/apps/android-studio/current/jre!/jdk.jsobject" type="simple" />
            <root url="jrt://C:/Users/yuu_harada/scoop/apps/android-studio/current/jre!/jdk.localedata" type="simple" />
            <root url="jrt://C:/Users/yuu_harada/scoop/apps/android-studio/current/jre!/jdk.management" type="simple" />
            <root url="jrt://C:/Users/yuu_harada/scoop/apps/android-studio/current/jre!/jdk.management.agent" type="simple" />
            <root url="jrt://C:/Users/yuu_harada/scoop/apps/android-studio/current/jre!/jdk.management.jfr" type="simple" />
            <root url="jrt://C:/Users/yuu_harada/scoop/apps/android-studio/current/jre!/jdk.naming.dns" type="simple" />
            <root url="jrt://C:/Users/yuu_harada/scoop/apps/android-studio/current/jre!/jdk.naming.rmi" type="simple" />
            <root url="jrt://C:/Users/yuu_harada/scoop/apps/android-studio/current/jre!/jdk.net" type="simple" />
            <root url="jrt://C:/Users/yuu_harada/scoop/apps/android-studio/current/jre!/jdk.pack" type="simple" />
            <root url="jrt://C:/Users/yuu_harada/scoop/apps/android-studio/current/jre!/jdk.scripting.nashorn" type="simple" />
            <root url="jrt://C:/Users/yuu_harada/scoop/apps/android-studio/current/jre!/jdk.scripting.nashorn.shell" type="simple" />
            <root url="jrt://C:/Users/yuu_harada/scoop/apps/android-studio/current/jre!/jdk.sctp" type="simple" />
            <root url="jrt://C:/Users/yuu_harada/scoop/apps/android-studio/current/jre!/jdk.security.auth" type="simple" />
            <root url="jrt://C:/Users/yuu_harada/scoop/apps/android-studio/current/jre!/jdk.security.jgss" type="simple" />
            <root url="jrt://C:/Users/yuu_harada/scoop/apps/android-studio/current/jre!/jdk.unsupported" type="simple" />
            <root url="jrt://C:/Users/yuu_harada/scoop/apps/android-studio/current/jre!/jdk.xml.dom" type="simple" />
            <root url="jrt://C:/Users/yuu_harada/scoop/apps/android-studio/current/jre!/jdk.zipfs" type="simple" />
          </root>
        </classPath>
        <javadocPath>
          <root type="composite" />
        </javadocPath>
        <sourcePath>
          <root type="composite" />
        </sourcePath>
      </roots>
      <additional />
    </jdk>
  </component>
</application>