<application>
  <component name="ProjectJdkTable">
    <jdk version="2">
      <name value="jbr-11" />
      <type value="JavaSDK" />
      <version value="JetBrains Runtime version 17.0.6" />
      <homePath value="$APPLICATION_HOME_DIR$/jbr" />
      <roots>
        <annotationsPath>
          <root type="composite">
            <root url="jar://$APPLICATION_HOME_DIR$/plugins/java/lib/resources/jdkAnnotations.jar!/" type="simple" />
          </root>
        </annotationsPath>
        <classPath>
          <root type="composite">
            <root url="jrt://$APPLICATION_HOME_DIR$/jbr!/java.base" type="simple" />
            <root url="jrt://$APPLICATION_HOME_DIR$/jbr!/java.compiler" type="simple" />
            <root url="jrt://$APPLICATION_HOME_DIR$/jbr!/java.datatransfer" type="simple" />
            <root url="jrt://$APPLICATION_HOME_DIR$/jbr!/java.desktop" type="simple" />
            <root url="jrt://$APPLICATION_HOME_DIR$/jbr!/java.instrument" type="simple" />
            <root url="jrt://$APPLICATION_HOME_DIR$/jbr!/java.logging" type="simple" />
            <root url="jrt://$APPLICATION_HOME_DIR$/jbr!/java.management" type="simple" />
            <root url="jrt://$APPLICATION_HOME_DIR$/jbr!/java.management.rmi" type="simple" />
            <root url="jrt://$APPLICATION_HOME_DIR$/jbr!/java.naming" type="simple" />
            <root url="jrt://$APPLICATION_HOME_DIR$/jbr!/java.net.http" type="simple" />
            <root url="jrt://$APPLICATION_HOME_DIR$/jbr!/java.prefs" type="simple" />
            <root url="jrt://$APPLICATION_HOME_DIR$/jbr!/java.rmi" type="simple" />
            <root url="jrt://$APPLICATION_HOME_DIR$/jbr!/java.scripting" type="simple" />
            <root url="jrt://$APPLICATION_HOME_DIR$/jbr!/java.se" type="simple" />
            <root url="jrt://$APPLICATION_HOME_DIR$/jbr!/java.security.jgss" type="simple" />
            <root url="jrt://$APPLICATION_HOME_DIR$/jbr!/java.security.sasl" type="simple" />
            <root url="jrt://$APPLICATION_HOME_DIR$/jbr!/java.smartcardio" type="simple" />
            <root url="jrt://$APPLICATION_HOME_DIR$/jbr!/java.sql" type="simple" />
            <root url="jrt://$APPLICATION_HOME_DIR$/jbr!/java.sql.rowset" type="simple" />
            <root url="jrt://$APPLICATION_HOME_DIR$/jbr!/java.transaction.xa" type="simple" />
            <root url="jrt://$APPLICATION_HOME_DIR$/jbr!/java.xml" type="simple" />
            <root url="jrt://$APPLICATION_HOME_DIR$/jbr!/java.xml.crypto" type="simple" />
            <root url="jrt://$APPLICATION_HOME_DIR$/jbr!/jdk.accessibility" type="simple" />
            <root url="jrt://$APPLICATION_HOME_DIR$/jbr!/jdk.attach" type="simple" />
            <root url="jrt://$APPLICATION_HOME_DIR$/jbr!/jdk.charsets" type="simple" />
            <root url="jrt://$APPLICATION_HOME_DIR$/jbr!/jdk.compiler" type="simple" />
            <root url="jrt://$APPLICATION_HOME_DIR$/jbr!/jdk.crypto.cryptoki" type="simple" />
            <root url="jrt://$APPLICATION_HOME_DIR$/jbr!/jdk.crypto.ec" type="simple" />
            <root url="jrt://$APPLICATION_HOME_DIR$/jbr!/jdk.dynalink" type="simple" />
            <root url="jrt://$APPLICATION_HOME_DIR$/jbr!/jdk.hotspot.agent" type="simple" />
            <root url="jrt://$APPLICATION_HOME_DIR$/jbr!/jdk.httpserver" type="simple" />
            <root url="jrt://$APPLICATION_HOME_DIR$/jbr!/jdk.internal.ed" type="simple" />
            <root url="jrt://$APPLICATION_HOME_DIR$/jbr!/jdk.internal.jvmstat" type="simple" />
            <root url="jrt://$APPLICATION_HOME_DIR$/jbr!/jdk.internal.le" type="simple" />
            <root url="jrt://$APPLICATION_HOME_DIR$/jbr!/jdk.internal.opt" type="simple" />
            <root url="jrt://$APPLICATION_HOME_DIR$/jbr!/jdk.internal.vm.ci" type="simple" />
            <root url="jrt://$APPLICATION_HOME_DIR$/jbr!/jdk.internal.vm.compiler" type="simple" />
            <root url="jrt://$APPLICATION_HOME_DIR$/jbr!/jdk.internal.vm.compiler.management" type="simple" />
            <root url="jrt://$APPLICATION_HOME_DIR$/jbr!/jdk.jartool" type="simple" />
            <root url="jrt://$APPLICATION_HOME_DIR$/jbr!/jdk.javadoc" type="simple" />
            <root url="jrt://$APPLICATION_HOME_DIR$/jbr!/jdk.jcmd" type="simple" />
            <root url="jrt://$APPLICATION_HOME_DIR$/jbr!/jdk.jdeps" type="simple" />
            <root url="jrt://$APPLICATION_HOME_DIR$/jbr!/jdk.jdi" type="simple" />
            <root url="jrt://$APPLICATION_HOME_DIR$/jbr!/jdk.jdwp.agent" type="simple" />
            <root url="jrt://$APPLICATION_HOME_DIR$/jbr!/jdk.jfr" type="simple" />
            <root url="jrt://$APPLICATION_HOME_DIR$/jbr!/jdk.jlink" type="simple" />
            <root url="jrt://$APPLICATION_HOME_DIR$/jbr!/jdk.jsobject" type="simple" />
            <root url="jrt://$APPLICATION_HOME_DIR$/jbr!/jdk.localedata" type="simple" />
            <root url="jrt://$APPLICATION_HOME_DIR$/jbr!/jdk.management" type="simple" />
            <root url="jrt://$APPLICATION_HOME_DIR$/jbr!/jdk.management.agent" type="simple" />
            <root url="jrt://$APPLICATION_HOME_DIR$/jbr!/jdk.management.jfr" type="simple" />
            <root url="jrt://$APPLICATION_HOME_DIR$/jbr!/jdk.naming.dns" type="simple" />
            <root url="jrt://$APPLICATION_HOME_DIR$/jbr!/jdk.naming.rmi" type="simple" />
            <root url="jrt://$APPLICATION_HOME_DIR$/jbr!/jdk.net" type="simple" />
            <root url="jrt://$APPLICATION_HOME_DIR$/jbr!/jdk.sctp" type="simple" />
            <root url="jrt://$APPLICATION_HOME_DIR$/jbr!/jdk.security.auth" type="simple" />
            <root url="jrt://$APPLICATION_HOME_DIR$/jbr!/jdk.security.jgss" type="simple" />
            <root url="jrt://$APPLICATION_HOME_DIR$/jbr!/jdk.unsupported" type="simple" />
            <root url="jrt://$APPLICATION_HOME_DIR$/jbr!/jdk.unsupported.desktop" type="simple" />
            <root url="jrt://$APPLICATION_HOME_DIR$/jbr!/jdk.xml.dom" type="simple" />
            <root url="jrt://$APPLICATION_HOME_DIR$/jbr!/jdk.zipfs" type="simple" />
          </root>
        </classPath>
        <javadocPath>
          <root type="composite" />
        </javadocPath>
        <sourcePath>
          <root type="composite" />
        </sourcePath>
      </roots>
      <additional />
    </jdk>
    <jdk version="2">
      <name value="Android Studio default JDK" />
      <type value="JavaSDK" />
      <homePath value="$APPLICATION_HOME_DIR$/jbr" />
      <roots>
        <annotationsPath>
          <root type="composite">
            <root url="jar://$APPLICATION_HOME_DIR$/plugins/java/lib/resources/jdkAnnotations.jar!/" type="simple" />
          </root>
        </annotationsPath>
        <classPath>
          <root type="composite">
            <root url="jrt://$APPLICATION_HOME_DIR$/jbr!/java.base" type="simple" />
            <root url="jrt://$APPLICATION_HOME_DIR$/jbr!/java.compiler" type="simple" />
            <root url="jrt://$APPLICATION_HOME_DIR$/jbr!/java.datatransfer" type="simple" />
            <root url="jrt://$APPLICATION_HOME_DIR$/jbr!/java.desktop" type="simple" />
            <root url="jrt://$APPLICATION_HOME_DIR$/jbr!/java.instrument" type="simple" />
            <root url="jrt://$APPLICATION_HOME_DIR$/jbr!/java.logging" type="simple" />
            <root url="jrt://$APPLICATION_HOME_DIR$/jbr!/java.management" type="simple" />
            <root url="jrt://$APPLICATION_HOME_DIR$/jbr!/java.management.rmi" type="simple" />
            <root url="jrt://$APPLICATION_HOME_DIR$/jbr!/java.naming" type="simple" />
            <root url="jrt://$APPLICATION_HOME_DIR$/jbr!/java.net.http" type="simple" />
            <root url="jrt://$APPLICATION_HOME_DIR$/jbr!/java.prefs" type="simple" />
            <root url="jrt://$APPLICATION_HOME_DIR$/jbr!/java.rmi" type="simple" />
            <root url="jrt://$APPLICATION_HOME_DIR$/jbr!/java.scripting" type="simple" />
            <root url="jrt://$APPLICATION_HOME_DIR$/jbr!/java.se" type="simple" />
            <root url="jrt://$APPLICATION_HOME_DIR$/jbr!/java.security.jgss" type="simple" />
            <root url="jrt://$APPLICATION_HOME_DIR$/jbr!/java.security.sasl" type="simple" />
            <root url="jrt://$APPLICATION_HOME_DIR$/jbr!/java.smartcardio" type="simple" />
            <root url="jrt://$APPLICATION_HOME_DIR$/jbr!/java.sql" type="simple" />
            <root url="jrt://$APPLICATION_HOME_DIR$/jbr!/java.sql.rowset" type="simple" />
            <root url="jrt://$APPLICATION_HOME_DIR$/jbr!/java.transaction.xa" type="simple" />
            <root url="jrt://$APPLICATION_HOME_DIR$/jbr!/java.xml" type="simple" />
            <root url="jrt://$APPLICATION_HOME_DIR$/jbr!/java.xml.crypto" type="simple" />
            <root url="jrt://$APPLICATION_HOME_DIR$/jbr!/jdk.accessibility" type="simple" />
            <root url="jrt://$APPLICATION_HOME_DIR$/jbr!/jdk.attach" type="simple" />
            <root url="jrt://$APPLICATION_HOME_DIR$/jbr!/jdk.charsets" type="simple" />
            <root url="jrt://$APPLICATION_HOME_DIR$/jbr!/jdk.compiler" type="simple" />
            <root url="jrt://$APPLICATION_HOME_DIR$/jbr!/jdk.crypto.cryptoki" type="simple" />
            <root url="jrt://$APPLICATION_HOME_DIR$/jbr!/jdk.crypto.ec" type="simple" />
            <root url="jrt://$APPLICATION_HOME_DIR$/jbr!/jdk.dynalink" type="simple" />
            <root url="jrt://$APPLICATION_HOME_DIR$/jbr!/jdk.hotspot.agent" type="simple" />
            <root url="jrt://$APPLICATION_HOME_DIR$/jbr!/jdk.httpserver" type="simple" />
            <root url="jrt://$APPLICATION_HOME_DIR$/jbr!/jdk.internal.ed" type="simple" />
            <root url="jrt://$APPLICATION_HOME_DIR$/jbr!/jdk.internal.jvmstat" type="simple" />
            <root url="jrt://$APPLICATION_HOME_DIR$/jbr!/jdk.internal.le" type="simple" />
            <root url="jrt://$APPLICATION_HOME_DIR$/jbr!/jdk.internal.opt" type="simple" />
            <root url="jrt://$APPLICATION_HOME_DIR$/jbr!/jdk.internal.vm.ci" type="simple" />
            <root url="jrt://$APPLICATION_HOME_DIR$/jbr!/jdk.internal.vm.compiler" type="simple" />
            <root url="jrt://$APPLICATION_HOME_DIR$/jbr!/jdk.internal.vm.compiler.management" type="simple" />
            <root url="jrt://$APPLICATION_HOME_DIR$/jbr!/jdk.jartool" type="simple" />
            <root url="jrt://$APPLICATION_HOME_DIR$/jbr!/jdk.javadoc" type="simple" />
            <root url="jrt://$APPLICATION_HOME_DIR$/jbr!/jdk.jcmd" type="simple" />
            <root url="jrt://$APPLICATION_HOME_DIR$/jbr!/jdk.jdeps" type="simple" />
            <root url="jrt://$APPLICATION_HOME_DIR$/jbr!/jdk.jdi" type="simple" />
            <root url="jrt://$APPLICATION_HOME_DIR$/jbr!/jdk.jdwp.agent" type="simple" />
            <root url="jrt://$APPLICATION_HOME_DIR$/jbr!/jdk.jfr" type="simple" />
            <root url="jrt://$APPLICATION_HOME_DIR$/jbr!/jdk.jlink" type="simple" />
            <root url="jrt://$APPLICATION_HOME_DIR$/jbr!/jdk.jsobject" type="simple" />
            <root url="jrt://$APPLICATION_HOME_DIR$/jbr!/jdk.localedata" type="simple" />
            <root url="jrt://$APPLICATION_HOME_DIR$/jbr!/jdk.management" type="simple" />
            <root url="jrt://$APPLICATION_HOME_DIR$/jbr!/jdk.management.agent" type="simple" />
            <root url="jrt://$APPLICATION_HOME_DIR$/jbr!/jdk.management.jfr" type="simple" />
            <root url="jrt://$APPLICATION_HOME_DIR$/jbr!/jdk.naming.dns" type="simple" />
            <root url="jrt://$APPLICATION_HOME_DIR$/jbr!/jdk.naming.rmi" type="simple" />
            <root url="jrt://$APPLICATION_HOME_DIR$/jbr!/jdk.net" type="simple" />
            <root url="jrt://$APPLICATION_HOME_DIR$/jbr!/jdk.sctp" type="simple" />
            <root url="jrt://$APPLICATION_HOME_DIR$/jbr!/jdk.security.auth" type="simple" />
            <root url="jrt://$APPLICATION_HOME_DIR$/jbr!/jdk.security.jgss" type="simple" />
            <root url="jrt://$APPLICATION_HOME_DIR$/jbr!/jdk.unsupported" type="simple" />
            <root url="jrt://$APPLICATION_HOME_DIR$/jbr!/jdk.unsupported.desktop" type="simple" />
            <root url="jrt://$APPLICATION_HOME_DIR$/jbr!/jdk.xml.dom" type="simple" />
            <root url="jrt://$APPLICATION_HOME_DIR$/jbr!/jdk.zipfs" type="simple" />
          </root>
        </classPath>
        <javadocPath>
          <root type="composite" />
        </javadocPath>
        <sourcePath>
          <root type="composite" />
        </sourcePath>
      </roots>
      <additional />
    </jdk>
    <jdk version="2">
      <name value="Embedded JDK" />
      <type value="JavaSDK" />
      <homePath value="$APPLICATION_HOME_DIR$/jbr" />
      <roots>
        <annotationsPath>
          <root type="composite">
            <root url="jar://$APPLICATION_HOME_DIR$/plugins/java/lib/resources/jdkAnnotations.jar!/" type="simple" />
          </root>
        </annotationsPath>
        <classPath>
          <root type="composite">
            <root url="jrt://$APPLICATION_HOME_DIR$/jbr!/java.base" type="simple" />
            <root url="jrt://$APPLICATION_HOME_DIR$/jbr!/java.compiler" type="simple" />
            <root url="jrt://$APPLICATION_HOME_DIR$/jbr!/java.datatransfer" type="simple" />
            <root url="jrt://$APPLICATION_HOME_DIR$/jbr!/java.desktop" type="simple" />
            <root url="jrt://$APPLICATION_HOME_DIR$/jbr!/java.instrument" type="simple" />
            <root url="jrt://$APPLICATION_HOME_DIR$/jbr!/java.logging" type="simple" />
            <root url="jrt://$APPLICATION_HOME_DIR$/jbr!/java.management" type="simple" />
            <root url="jrt://$APPLICATION_HOME_DIR$/jbr!/java.management.rmi" type="simple" />
            <root url="jrt://$APPLICATION_HOME_DIR$/jbr!/java.naming" type="simple" />
            <root url="jrt://$APPLICATION_HOME_DIR$/jbr!/java.net.http" type="simple" />
            <root url="jrt://$APPLICATION_HOME_DIR$/jbr!/java.prefs" type="simple" />
            <root url="jrt://$APPLICATION_HOME_DIR$/jbr!/java.rmi" type="simple" />
            <root url="jrt://$APPLICATION_HOME_DIR$/jbr!/java.scripting" type="simple" />
            <root url="jrt://$APPLICATION_HOME_DIR$/jbr!/java.se" type="simple" />
            <root url="jrt://$APPLICATION_HOME_DIR$/jbr!/java.security.jgss" type="simple" />
            <root url="jrt://$APPLICATION_HOME_DIR$/jbr!/java.security.sasl" type="simple" />
            <root url="jrt://$APPLICATION_HOME_DIR$/jbr!/java.smartcardio" type="simple" />
            <root url="jrt://$APPLICATION_HOME_DIR$/jbr!/java.sql" type="simple" />
            <root url="jrt://$APPLICATION_HOME_DIR$/jbr!/java.sql.rowset" type="simple" />
            <root url="jrt://$APPLICATION_HOME_DIR$/jbr!/java.transaction.xa" type="simple" />
            <root url="jrt://$APPLICATION_HOME_DIR$/jbr!/java.xml" type="simple" />
            <root url="jrt://$APPLICATION_HOME_DIR$/jbr!/java.xml.crypto" type="simple" />
            <root url="jrt://$APPLICATION_HOME_DIR$/jbr!/jdk.accessibility" type="simple" />
            <root url="jrt://$APPLICATION_HOME_DIR$/jbr!/jdk.attach" type="simple" />
            <root url="jrt://$APPLICATION_HOME_DIR$/jbr!/jdk.charsets" type="simple" />
            <root url="jrt://$APPLICATION_HOME_DIR$/jbr!/jdk.compiler" type="simple" />
            <root url="jrt://$APPLICATION_HOME_DIR$/jbr!/jdk.crypto.cryptoki" type="simple" />
            <root url="jrt://$APPLICATION_HOME_DIR$/jbr!/jdk.crypto.ec" type="simple" />
            <root url="jrt://$APPLICATION_HOME_DIR$/jbr!/jdk.dynalink" type="simple" />
            <root url="jrt://$APPLICATION_HOME_DIR$/jbr!/jdk.hotspot.agent" type="simple" />
            <root url="jrt://$APPLICATION_HOME_DIR$/jbr!/jdk.httpserver" type="simple" />
            <root url="jrt://$APPLICATION_HOME_DIR$/jbr!/jdk.internal.ed" type="simple" />
            <root url="jrt://$APPLICATION_HOME_DIR$/jbr!/jdk.internal.jvmstat" type="simple" />
            <root url="jrt://$APPLICATION_HOME_DIR$/jbr!/jdk.internal.le" type="simple" />
            <root url="jrt://$APPLICATION_HOME_DIR$/jbr!/jdk.internal.opt" type="simple" />
            <root url="jrt://$APPLICATION_HOME_DIR$/jbr!/jdk.internal.vm.ci" type="simple" />
            <root url="jrt://$APPLICATION_HOME_DIR$/jbr!/jdk.internal.vm.compiler" type="simple" />
            <root url="jrt://$APPLICATION_HOME_DIR$/jbr!/jdk.internal.vm.compiler.management" type="simple" />
            <root url="jrt://$APPLICATION_HOME_DIR$/jbr!/jdk.jartool" type="simple" />
            <root url="jrt://$APPLICATION_HOME_DIR$/jbr!/jdk.javadoc" type="simple" />
            <root url="jrt://$APPLICATION_HOME_DIR$/jbr!/jdk.jcmd" type="simple" />
            <root url="jrt://$APPLICATION_HOME_DIR$/jbr!/jdk.jdeps" type="simple" />
            <root url="jrt://$APPLICATION_HOME_DIR$/jbr!/jdk.jdi" type="simple" />
            <root url="jrt://$APPLICATION_HOME_DIR$/jbr!/jdk.jdwp.agent" type="simple" />
            <root url="jrt://$APPLICATION_HOME_DIR$/jbr!/jdk.jfr" type="simple" />
            <root url="jrt://$APPLICATION_HOME_DIR$/jbr!/jdk.jlink" type="simple" />
            <root url="jrt://$APPLICATION_HOME_DIR$/jbr!/jdk.jsobject" type="simple" />
            <root url="jrt://$APPLICATION_HOME_DIR$/jbr!/jdk.localedata" type="simple" />
            <root url="jrt://$APPLICATION_HOME_DIR$/jbr!/jdk.management" type="simple" />
            <root url="jrt://$APPLICATION_HOME_DIR$/jbr!/jdk.management.agent" type="simple" />
            <root url="jrt://$APPLICATION_HOME_DIR$/jbr!/jdk.management.jfr" type="simple" />
            <root url="jrt://$APPLICATION_HOME_DIR$/jbr!/jdk.naming.dns" type="simple" />
            <root url="jrt://$APPLICATION_HOME_DIR$/jbr!/jdk.naming.rmi" type="simple" />
            <root url="jrt://$APPLICATION_HOME_DIR$/jbr!/jdk.net" type="simple" />
            <root url="jrt://$APPLICATION_HOME_DIR$/jbr!/jdk.sctp" type="simple" />
            <root url="jrt://$APPLICATION_HOME_DIR$/jbr!/jdk.security.auth" type="simple" />
            <root url="jrt://$APPLICATION_HOME_DIR$/jbr!/jdk.security.jgss" type="simple" />
            <root url="jrt://$APPLICATION_HOME_DIR$/jbr!/jdk.unsupported" type="simple" />
            <root url="jrt://$APPLICATION_HOME_DIR$/jbr!/jdk.unsupported.desktop" type="simple" />
            <root url="jrt://$APPLICATION_HOME_DIR$/jbr!/jdk.xml.dom" type="simple" />
            <root url="jrt://$APPLICATION_HOME_DIR$/jbr!/jdk.zipfs" type="simple" />
          </root>
        </classPath>
        <javadocPath>
          <root type="composite" />
        </javadocPath>
        <sourcePath>
          <root type="composite" />
        </sourcePath>
      </roots>
      <additional />
    </jdk>
    <jdk version="2">
      <name value="1.8" />
      <type value="JavaSDK" />
      <homePath value="$USER_HOME$/scoop/apps/openjdk8-redhat/current" />
      <roots>
        <annotationsPath>
          <root type="composite">
            <root url="jar://$APPLICATION_HOME_DIR$/plugins/java/lib/resources/jdkAnnotations.jar!/" type="simple" />
          </root>
        </annotationsPath>
        <classPath>
          <root type="composite">
            <root url="jar://$USER_HOME$/scoop/apps/openjdk8-redhat/current/jre/lib/charsets.jar!/" type="simple" />
            <root url="jar://$USER_HOME$/scoop/apps/openjdk8-redhat/current/jre/lib/ext/access-bridge-64.jar!/" type="simple" />
            <root url="jar://$USER_HOME$/scoop/apps/openjdk8-redhat/current/jre/lib/ext/cldrdata.jar!/" type="simple" />
            <root url="jar://$USER_HOME$/scoop/apps/openjdk8-redhat/current/jre/lib/ext/dnsns.jar!/" type="simple" />
            <root url="jar://$USER_HOME$/scoop/apps/openjdk8-redhat/current/jre/lib/ext/jaccess.jar!/" type="simple" />
            <root url="jar://$USER_HOME$/scoop/apps/openjdk8-redhat/current/jre/lib/ext/localedata.jar!/" type="simple" />
            <root url="jar://$USER_HOME$/scoop/apps/openjdk8-redhat/current/jre/lib/ext/nashorn.jar!/" type="simple" />
            <root url="jar://$USER_HOME$/scoop/apps/openjdk8-redhat/current/jre/lib/ext/sunec.jar!/" type="simple" />
            <root url="jar://$USER_HOME$/scoop/apps/openjdk8-redhat/current/jre/lib/ext/sunjce_provider.jar!/" type="simple" />
            <root url="jar://$USER_HOME$/scoop/apps/openjdk8-redhat/current/jre/lib/ext/sunmscapi.jar!/" type="simple" />
            <root url="jar://$USER_HOME$/scoop/apps/openjdk8-redhat/current/jre/lib/ext/sunpkcs11.jar!/" type="simple" />
            <root url="jar://$USER_HOME$/scoop/apps/openjdk8-redhat/current/jre/lib/ext/zipfs.jar!/" type="simple" />
            <root url="jar://$USER_HOME$/scoop/apps/openjdk8-redhat/current/jre/lib/jce.jar!/" type="simple" />
            <root url="jar://$USER_HOME$/scoop/apps/openjdk8-redhat/current/jre/lib/jfr.jar!/" type="simple" />
            <root url="jar://$USER_HOME$/scoop/apps/openjdk8-redhat/current/jre/lib/jsse.jar!/" type="simple" />
            <root url="jar://$USER_HOME$/scoop/apps/openjdk8-redhat/current/jre/lib/management-agent.jar!/" type="simple" />
            <root url="jar://$USER_HOME$/scoop/apps/openjdk8-redhat/current/jre/lib/resources.jar!/" type="simple" />
            <root url="jar://$USER_HOME$/scoop/apps/openjdk8-redhat/current/jre/lib/rt.jar!/" type="simple" />
          </root>
        </classPath>
        <javadocPath>
          <root type="composite" />
        </javadocPath>
        <sourcePath>
          <root type="composite">
            <root url="jar://$USER_HOME$/scoop/apps/openjdk8-redhat/current/src.zip!/" type="simple" />
          </root>
        </sourcePath>
      </roots>
      <additional />
    </jdk>
    <jdk version="2">
      <name value="17" />
      <type value="JavaSDK" />
      <version value="Oracle OpenJDK version 17.0.2" />
      <homePath value="$USER_HOME$/scoop/apps/openjdk17/current" />
      <roots>
        <annotationsPath>
          <root type="composite">
            <root url="jar://$APPLICATION_HOME_DIR$/plugins/java/lib/resources/jdkAnnotations.jar!/" type="simple" />
          </root>
        </annotationsPath>
        <classPath>
          <root type="composite">
            <root url="jrt://$USER_HOME$/scoop/apps/openjdk17/current!/java.base" type="simple" />
            <root url="jrt://$USER_HOME$/scoop/apps/openjdk17/current!/java.compiler" type="simple" />
            <root url="jrt://$USER_HOME$/scoop/apps/openjdk17/current!/java.datatransfer" type="simple" />
            <root url="jrt://$USER_HOME$/scoop/apps/openjdk17/current!/java.desktop" type="simple" />
            <root url="jrt://$USER_HOME$/scoop/apps/openjdk17/current!/java.instrument" type="simple" />
            <root url="jrt://$USER_HOME$/scoop/apps/openjdk17/current!/java.logging" type="simple" />
            <root url="jrt://$USER_HOME$/scoop/apps/openjdk17/current!/java.management" type="simple" />
            <root url="jrt://$USER_HOME$/scoop/apps/openjdk17/current!/java.management.rmi" type="simple" />
            <root url="jrt://$USER_HOME$/scoop/apps/openjdk17/current!/java.naming" type="simple" />
            <root url="jrt://$USER_HOME$/scoop/apps/openjdk17/current!/java.net.http" type="simple" />
            <root url="jrt://$USER_HOME$/scoop/apps/openjdk17/current!/java.prefs" type="simple" />
            <root url="jrt://$USER_HOME$/scoop/apps/openjdk17/current!/java.rmi" type="simple" />
            <root url="jrt://$USER_HOME$/scoop/apps/openjdk17/current!/java.scripting" type="simple" />
            <root url="jrt://$USER_HOME$/scoop/apps/openjdk17/current!/java.se" type="simple" />
            <root url="jrt://$USER_HOME$/scoop/apps/openjdk17/current!/java.security.jgss" type="simple" />
            <root url="jrt://$USER_HOME$/scoop/apps/openjdk17/current!/java.security.sasl" type="simple" />
            <root url="jrt://$USER_HOME$/scoop/apps/openjdk17/current!/java.smartcardio" type="simple" />
            <root url="jrt://$USER_HOME$/scoop/apps/openjdk17/current!/java.sql" type="simple" />
            <root url="jrt://$USER_HOME$/scoop/apps/openjdk17/current!/java.sql.rowset" type="simple" />
            <root url="jrt://$USER_HOME$/scoop/apps/openjdk17/current!/java.transaction.xa" type="simple" />
            <root url="jrt://$USER_HOME$/scoop/apps/openjdk17/current!/java.xml" type="simple" />
            <root url="jrt://$USER_HOME$/scoop/apps/openjdk17/current!/java.xml.crypto" type="simple" />
            <root url="jrt://$USER_HOME$/scoop/apps/openjdk17/current!/jdk.accessibility" type="simple" />
            <root url="jrt://$USER_HOME$/scoop/apps/openjdk17/current!/jdk.attach" type="simple" />
            <root url="jrt://$USER_HOME$/scoop/apps/openjdk17/current!/jdk.charsets" type="simple" />
            <root url="jrt://$USER_HOME$/scoop/apps/openjdk17/current!/jdk.compiler" type="simple" />
            <root url="jrt://$USER_HOME$/scoop/apps/openjdk17/current!/jdk.crypto.cryptoki" type="simple" />
            <root url="jrt://$USER_HOME$/scoop/apps/openjdk17/current!/jdk.crypto.ec" type="simple" />
            <root url="jrt://$USER_HOME$/scoop/apps/openjdk17/current!/jdk.crypto.mscapi" type="simple" />
            <root url="jrt://$USER_HOME$/scoop/apps/openjdk17/current!/jdk.dynalink" type="simple" />
            <root url="jrt://$USER_HOME$/scoop/apps/openjdk17/current!/jdk.editpad" type="simple" />
            <root url="jrt://$USER_HOME$/scoop/apps/openjdk17/current!/jdk.hotspot.agent" type="simple" />
            <root url="jrt://$USER_HOME$/scoop/apps/openjdk17/current!/jdk.httpserver" type="simple" />
            <root url="jrt://$USER_HOME$/scoop/apps/openjdk17/current!/jdk.incubator.foreign" type="simple" />
            <root url="jrt://$USER_HOME$/scoop/apps/openjdk17/current!/jdk.incubator.vector" type="simple" />
            <root url="jrt://$USER_HOME$/scoop/apps/openjdk17/current!/jdk.internal.ed" type="simple" />
            <root url="jrt://$USER_HOME$/scoop/apps/openjdk17/current!/jdk.internal.jvmstat" type="simple" />
            <root url="jrt://$USER_HOME$/scoop/apps/openjdk17/current!/jdk.internal.le" type="simple" />
            <root url="jrt://$USER_HOME$/scoop/apps/openjdk17/current!/jdk.internal.opt" type="simple" />
            <root url="jrt://$USER_HOME$/scoop/apps/openjdk17/current!/jdk.internal.vm.ci" type="simple" />
            <root url="jrt://$USER_HOME$/scoop/apps/openjdk17/current!/jdk.internal.vm.compiler" type="simple" />
            <root url="jrt://$USER_HOME$/scoop/apps/openjdk17/current!/jdk.internal.vm.compiler.management" type="simple" />
            <root url="jrt://$USER_HOME$/scoop/apps/openjdk17/current!/jdk.jartool" type="simple" />
            <root url="jrt://$USER_HOME$/scoop/apps/openjdk17/current!/jdk.javadoc" type="simple" />
            <root url="jrt://$USER_HOME$/scoop/apps/openjdk17/current!/jdk.jcmd" type="simple" />
            <root url="jrt://$USER_HOME$/scoop/apps/openjdk17/current!/jdk.jconsole" type="simple" />
            <root url="jrt://$USER_HOME$/scoop/apps/openjdk17/current!/jdk.jdeps" type="simple" />
            <root url="jrt://$USER_HOME$/scoop/apps/openjdk17/current!/jdk.jdi" type="simple" />
            <root url="jrt://$USER_HOME$/scoop/apps/openjdk17/current!/jdk.jdwp.agent" type="simple" />
            <root url="jrt://$USER_HOME$/scoop/apps/openjdk17/current!/jdk.jfr" type="simple" />
            <root url="jrt://$USER_HOME$/scoop/apps/openjdk17/current!/jdk.jlink" type="simple" />
            <root url="jrt://$USER_HOME$/scoop/apps/openjdk17/current!/jdk.jpackage" type="simple" />
            <root url="jrt://$USER_HOME$/scoop/apps/openjdk17/current!/jdk.jshell" type="simple" />
            <root url="jrt://$USER_HOME$/scoop/apps/openjdk17/current!/jdk.jsobject" type="simple" />
            <root url="jrt://$USER_HOME$/scoop/apps/openjdk17/current!/jdk.jstatd" type="simple" />
            <root url="jrt://$USER_HOME$/scoop/apps/openjdk17/current!/jdk.localedata" type="simple" />
            <root url="jrt://$USER_HOME$/scoop/apps/openjdk17/current!/jdk.management" type="simple" />
            <root url="jrt://$USER_HOME$/scoop/apps/openjdk17/current!/jdk.management.agent" type="simple" />
            <root url="jrt://$USER_HOME$/scoop/apps/openjdk17/current!/jdk.management.jfr" type="simple" />
            <root url="jrt://$USER_HOME$/scoop/apps/openjdk17/current!/jdk.naming.dns" type="simple" />
            <root url="jrt://$USER_HOME$/scoop/apps/openjdk17/current!/jdk.naming.rmi" type="simple" />
            <root url="jrt://$USER_HOME$/scoop/apps/openjdk17/current!/jdk.net" type="simple" />
            <root url="jrt://$USER_HOME$/scoop/apps/openjdk17/current!/jdk.nio.mapmode" type="simple" />
            <root url="jrt://$USER_HOME$/scoop/apps/openjdk17/current!/jdk.random" type="simple" />
            <root url="jrt://$USER_HOME$/scoop/apps/openjdk17/current!/jdk.sctp" type="simple" />
            <root url="jrt://$USER_HOME$/scoop/apps/openjdk17/current!/jdk.security.auth" type="simple" />
            <root url="jrt://$USER_HOME$/scoop/apps/openjdk17/current!/jdk.security.jgss" type="simple" />
            <root url="jrt://$USER_HOME$/scoop/apps/openjdk17/current!/jdk.unsupported" type="simple" />
            <root url="jrt://$USER_HOME$/scoop/apps/openjdk17/current!/jdk.unsupported.desktop" type="simple" />
            <root url="jrt://$USER_HOME$/scoop/apps/openjdk17/current!/jdk.xml.dom" type="simple" />
            <root url="jrt://$USER_HOME$/scoop/apps/openjdk17/current!/jdk.zipfs" type="simple" />
          </root>
        </classPath>
        <javadocPath>
          <root type="composite" />
        </javadocPath>
        <sourcePath>
          <root type="composite">
            <root url="jar://$USER_HOME$/scoop/apps/openjdk17/current/lib/src.zip!/java.se" type="simple" />
            <root url="jar://$USER_HOME$/scoop/apps/openjdk17/current/lib/src.zip!/jdk.jdi" type="simple" />
            <root url="jar://$USER_HOME$/scoop/apps/openjdk17/current/lib/src.zip!/jdk.jfr" type="simple" />
            <root url="jar://$USER_HOME$/scoop/apps/openjdk17/current/lib/src.zip!/jdk.net" type="simple" />
            <root url="jar://$USER_HOME$/scoop/apps/openjdk17/current/lib/src.zip!/java.rmi" type="simple" />
            <root url="jar://$USER_HOME$/scoop/apps/openjdk17/current/lib/src.zip!/java.sql" type="simple" />
            <root url="jar://$USER_HOME$/scoop/apps/openjdk17/current/lib/src.zip!/java.xml" type="simple" />
            <root url="jar://$USER_HOME$/scoop/apps/openjdk17/current/lib/src.zip!/jdk.jcmd" type="simple" />
            <root url="jar://$USER_HOME$/scoop/apps/openjdk17/current/lib/src.zip!/jdk.sctp" type="simple" />
            <root url="jar://$USER_HOME$/scoop/apps/openjdk17/current/lib/src.zip!/java.base" type="simple" />
            <root url="jar://$USER_HOME$/scoop/apps/openjdk17/current/lib/src.zip!/jdk.jdeps" type="simple" />
            <root url="jar://$USER_HOME$/scoop/apps/openjdk17/current/lib/src.zip!/jdk.jlink" type="simple" />
            <root url="jar://$USER_HOME$/scoop/apps/openjdk17/current/lib/src.zip!/jdk.zipfs" type="simple" />
            <root url="jar://$USER_HOME$/scoop/apps/openjdk17/current/lib/src.zip!/java.prefs" type="simple" />
            <root url="jar://$USER_HOME$/scoop/apps/openjdk17/current/lib/src.zip!/jdk.attach" type="simple" />
            <root url="jar://$USER_HOME$/scoop/apps/openjdk17/current/lib/src.zip!/jdk.jshell" type="simple" />
            <root url="jar://$USER_HOME$/scoop/apps/openjdk17/current/lib/src.zip!/jdk.jstatd" type="simple" />
            <root url="jar://$USER_HOME$/scoop/apps/openjdk17/current/lib/src.zip!/jdk.random" type="simple" />
            <root url="jar://$USER_HOME$/scoop/apps/openjdk17/current/lib/src.zip!/java.naming" type="simple" />
            <root url="jar://$USER_HOME$/scoop/apps/openjdk17/current/lib/src.zip!/jdk.editpad" type="simple" />
            <root url="jar://$USER_HOME$/scoop/apps/openjdk17/current/lib/src.zip!/jdk.jartool" type="simple" />
            <root url="jar://$USER_HOME$/scoop/apps/openjdk17/current/lib/src.zip!/jdk.javadoc" type="simple" />
            <root url="jar://$USER_HOME$/scoop/apps/openjdk17/current/lib/src.zip!/jdk.xml.dom" type="simple" />
            <root url="jar://$USER_HOME$/scoop/apps/openjdk17/current/lib/src.zip!/java.desktop" type="simple" />
            <root url="jar://$USER_HOME$/scoop/apps/openjdk17/current/lib/src.zip!/java.logging" type="simple" />
            <root url="jar://$USER_HOME$/scoop/apps/openjdk17/current/lib/src.zip!/jdk.charsets" type="simple" />
            <root url="jar://$USER_HOME$/scoop/apps/openjdk17/current/lib/src.zip!/jdk.compiler" type="simple" />
            <root url="jar://$USER_HOME$/scoop/apps/openjdk17/current/lib/src.zip!/jdk.dynalink" type="simple" />
            <root url="jar://$USER_HOME$/scoop/apps/openjdk17/current/lib/src.zip!/jdk.jconsole" type="simple" />
            <root url="jar://$USER_HOME$/scoop/apps/openjdk17/current/lib/src.zip!/jdk.jpackage" type="simple" />
            <root url="jar://$USER_HOME$/scoop/apps/openjdk17/current/lib/src.zip!/jdk.jsobject" type="simple" />
            <root url="jar://$USER_HOME$/scoop/apps/openjdk17/current/lib/src.zip!/java.compiler" type="simple" />
            <root url="jar://$USER_HOME$/scoop/apps/openjdk17/current/lib/src.zip!/java.net.http" type="simple" />
            <root url="jar://$USER_HOME$/scoop/apps/openjdk17/current/lib/src.zip!/jdk.crypto.ec" type="simple" />
            <root url="jar://$USER_HOME$/scoop/apps/openjdk17/current/lib/src.zip!/java.scripting" type="simple" />
            <root url="jar://$USER_HOME$/scoop/apps/openjdk17/current/lib/src.zip!/jdk.httpserver" type="simple" />
            <root url="jar://$USER_HOME$/scoop/apps/openjdk17/current/lib/src.zip!/jdk.jdwp.agent" type="simple" />
            <root url="jar://$USER_HOME$/scoop/apps/openjdk17/current/lib/src.zip!/jdk.localedata" type="simple" />
            <root url="jar://$USER_HOME$/scoop/apps/openjdk17/current/lib/src.zip!/jdk.management" type="simple" />
            <root url="jar://$USER_HOME$/scoop/apps/openjdk17/current/lib/src.zip!/jdk.naming.dns" type="simple" />
            <root url="jar://$USER_HOME$/scoop/apps/openjdk17/current/lib/src.zip!/jdk.naming.rmi" type="simple" />
            <root url="jar://$USER_HOME$/scoop/apps/openjdk17/current/lib/src.zip!/java.instrument" type="simple" />
            <root url="jar://$USER_HOME$/scoop/apps/openjdk17/current/lib/src.zip!/java.management" type="simple" />
            <root url="jar://$USER_HOME$/scoop/apps/openjdk17/current/lib/src.zip!/java.sql.rowset" type="simple" />
            <root url="jar://$USER_HOME$/scoop/apps/openjdk17/current/lib/src.zip!/java.xml.crypto" type="simple" />
            <root url="jar://$USER_HOME$/scoop/apps/openjdk17/current/lib/src.zip!/jdk.internal.ed" type="simple" />
            <root url="jar://$USER_HOME$/scoop/apps/openjdk17/current/lib/src.zip!/jdk.internal.le" type="simple" />
            <root url="jar://$USER_HOME$/scoop/apps/openjdk17/current/lib/src.zip!/jdk.nio.mapmode" type="simple" />
            <root url="jar://$USER_HOME$/scoop/apps/openjdk17/current/lib/src.zip!/jdk.unsupported" type="simple" />
            <root url="jar://$USER_HOME$/scoop/apps/openjdk17/current/lib/src.zip!/java.smartcardio" type="simple" />
            <root url="jar://$USER_HOME$/scoop/apps/openjdk17/current/lib/src.zip!/jdk.internal.opt" type="simple" />
            <root url="jar://$USER_HOME$/scoop/apps/openjdk17/current/lib/src.zip!/java.datatransfer" type="simple" />
            <root url="jar://$USER_HOME$/scoop/apps/openjdk17/current/lib/src.zip!/jdk.accessibility" type="simple" />
            <root url="jar://$USER_HOME$/scoop/apps/openjdk17/current/lib/src.zip!/jdk.crypto.mscapi" type="simple" />
            <root url="jar://$USER_HOME$/scoop/apps/openjdk17/current/lib/src.zip!/jdk.hotspot.agent" type="simple" />
            <root url="jar://$USER_HOME$/scoop/apps/openjdk17/current/lib/src.zip!/jdk.security.auth" type="simple" />
            <root url="jar://$USER_HOME$/scoop/apps/openjdk17/current/lib/src.zip!/jdk.security.jgss" type="simple" />
            <root url="jar://$USER_HOME$/scoop/apps/openjdk17/current/lib/src.zip!/java.security.jgss" type="simple" />
            <root url="jar://$USER_HOME$/scoop/apps/openjdk17/current/lib/src.zip!/java.security.sasl" type="simple" />
            <root url="jar://$USER_HOME$/scoop/apps/openjdk17/current/lib/src.zip!/jdk.internal.vm.ci" type="simple" />
            <root url="jar://$USER_HOME$/scoop/apps/openjdk17/current/lib/src.zip!/jdk.management.jfr" type="simple" />
            <root url="jar://$USER_HOME$/scoop/apps/openjdk17/current/lib/src.zip!/java.management.rmi" type="simple" />
            <root url="jar://$USER_HOME$/scoop/apps/openjdk17/current/lib/src.zip!/java.transaction.xa" type="simple" />
            <root url="jar://$USER_HOME$/scoop/apps/openjdk17/current/lib/src.zip!/jdk.crypto.cryptoki" type="simple" />
            <root url="jar://$USER_HOME$/scoop/apps/openjdk17/current/lib/src.zip!/jdk.incubator.vector" type="simple" />
            <root url="jar://$USER_HOME$/scoop/apps/openjdk17/current/lib/src.zip!/jdk.internal.jvmstat" type="simple" />
            <root url="jar://$USER_HOME$/scoop/apps/openjdk17/current/lib/src.zip!/jdk.management.agent" type="simple" />
            <root url="jar://$USER_HOME$/scoop/apps/openjdk17/current/lib/src.zip!/jdk.incubator.foreign" type="simple" />
            <root url="jar://$USER_HOME$/scoop/apps/openjdk17/current/lib/src.zip!/jdk.unsupported.desktop" type="simple" />
            <root url="jar://$USER_HOME$/scoop/apps/openjdk17/current/lib/src.zip!/jdk.internal.vm.compiler" type="simple" />
            <root url="jar://$USER_HOME$/scoop/apps/openjdk17/current/lib/src.zip!/jdk.internal.vm.compiler.management" type="simple" />
          </root>
        </sourcePath>
      </roots>
      <additional />
    </jdk>
    <jdk version="2">
      <name value="jbr-17" />
      <type value="JavaSDK" />
      <homePath value="$APPLICATION_HOME_DIR$/jbr" />
      <roots>
        <annotationsPath>
          <root type="composite">
            <root url="jar://$APPLICATION_HOME_DIR$/plugins/java/lib/resources/jdkAnnotations.jar!/" type="simple" />
          </root>
        </annotationsPath>
        <classPath>
          <root type="composite">
            <root url="jrt://$APPLICATION_HOME_DIR$/jbr!/java.base" type="simple" />
            <root url="jrt://$APPLICATION_HOME_DIR$/jbr!/java.compiler" type="simple" />
            <root url="jrt://$APPLICATION_HOME_DIR$/jbr!/java.datatransfer" type="simple" />
            <root url="jrt://$APPLICATION_HOME_DIR$/jbr!/java.desktop" type="simple" />
            <root url="jrt://$APPLICATION_HOME_DIR$/jbr!/java.instrument" type="simple" />
            <root url="jrt://$APPLICATION_HOME_DIR$/jbr!/java.logging" type="simple" />
            <root url="jrt://$APPLICATION_HOME_DIR$/jbr!/java.management" type="simple" />
            <root url="jrt://$APPLICATION_HOME_DIR$/jbr!/java.management.rmi" type="simple" />
            <root url="jrt://$APPLICATION_HOME_DIR$/jbr!/java.naming" type="simple" />
            <root url="jrt://$APPLICATION_HOME_DIR$/jbr!/java.net.http" type="simple" />
            <root url="jrt://$APPLICATION_HOME_DIR$/jbr!/java.prefs" type="simple" />
            <root url="jrt://$APPLICATION_HOME_DIR$/jbr!/java.rmi" type="simple" />
            <root url="jrt://$APPLICATION_HOME_DIR$/jbr!/java.scripting" type="simple" />
            <root url="jrt://$APPLICATION_HOME_DIR$/jbr!/java.se" type="simple" />
            <root url="jrt://$APPLICATION_HOME_DIR$/jbr!/java.security.jgss" type="simple" />
            <root url="jrt://$APPLICATION_HOME_DIR$/jbr!/java.security.sasl" type="simple" />
            <root url="jrt://$APPLICATION_HOME_DIR$/jbr!/java.smartcardio" type="simple" />
            <root url="jrt://$APPLICATION_HOME_DIR$/jbr!/java.sql" type="simple" />
            <root url="jrt://$APPLICATION_HOME_DIR$/jbr!/java.sql.rowset" type="simple" />
            <root url="jrt://$APPLICATION_HOME_DIR$/jbr!/java.transaction.xa" type="simple" />
            <root url="jrt://$APPLICATION_HOME_DIR$/jbr!/java.xml" type="simple" />
            <root url="jrt://$APPLICATION_HOME_DIR$/jbr!/java.xml.crypto" type="simple" />
            <root url="jrt://$APPLICATION_HOME_DIR$/jbr!/jdk.accessibility" type="simple" />
            <root url="jrt://$APPLICATION_HOME_DIR$/jbr!/jdk.attach" type="simple" />
            <root url="jrt://$APPLICATION_HOME_DIR$/jbr!/jdk.charsets" type="simple" />
            <root url="jrt://$APPLICATION_HOME_DIR$/jbr!/jdk.compiler" type="simple" />
            <root url="jrt://$APPLICATION_HOME_DIR$/jbr!/jdk.crypto.cryptoki" type="simple" />
            <root url="jrt://$APPLICATION_HOME_DIR$/jbr!/jdk.crypto.ec" type="simple" />
            <root url="jrt://$APPLICATION_HOME_DIR$/jbr!/jdk.dynalink" type="simple" />
            <root url="jrt://$APPLICATION_HOME_DIR$/jbr!/jdk.hotspot.agent" type="simple" />
            <root url="jrt://$APPLICATION_HOME_DIR$/jbr!/jdk.httpserver" type="simple" />
            <root url="jrt://$APPLICATION_HOME_DIR$/jbr!/jdk.internal.ed" type="simple" />
            <root url="jrt://$APPLICATION_HOME_DIR$/jbr!/jdk.internal.jvmstat" type="simple" />
            <root url="jrt://$APPLICATION_HOME_DIR$/jbr!/jdk.internal.le" type="simple" />
            <root url="jrt://$APPLICATION_HOME_DIR$/jbr!/jdk.internal.opt" type="simple" />
            <root url="jrt://$APPLICATION_HOME_DIR$/jbr!/jdk.internal.vm.ci" type="simple" />
            <root url="jrt://$APPLICATION_HOME_DIR$/jbr!/jdk.internal.vm.compiler" type="simple" />
            <root url="jrt://$APPLICATION_HOME_DIR$/jbr!/jdk.internal.vm.compiler.management" type="simple" />
            <root url="jrt://$APPLICATION_HOME_DIR$/jbr!/jdk.jartool" type="simple" />
            <root url="jrt://$APPLICATION_HOME_DIR$/jbr!/jdk.javadoc" type="simple" />
            <root url="jrt://$APPLICATION_HOME_DIR$/jbr!/jdk.jcmd" type="simple" />
            <root url="jrt://$APPLICATION_HOME_DIR$/jbr!/jdk.jdeps" type="simple" />
            <root url="jrt://$APPLICATION_HOME_DIR$/jbr!/jdk.jdi" type="simple" />
            <root url="jrt://$APPLICATION_HOME_DIR$/jbr!/jdk.jdwp.agent" type="simple" />
            <root url="jrt://$APPLICATION_HOME_DIR$/jbr!/jdk.jfr" type="simple" />
            <root url="jrt://$APPLICATION_HOME_DIR$/jbr!/jdk.jlink" type="simple" />
            <root url="jrt://$APPLICATION_HOME_DIR$/jbr!/jdk.jsobject" type="simple" />
            <root url="jrt://$APPLICATION_HOME_DIR$/jbr!/jdk.localedata" type="simple" />
            <root url="jrt://$APPLICATION_HOME_DIR$/jbr!/jdk.management" type="simple" />
            <root url="jrt://$APPLICATION_HOME_DIR$/jbr!/jdk.management.agent" type="simple" />
            <root url="jrt://$APPLICATION_HOME_DIR$/jbr!/jdk.management.jfr" type="simple" />
            <root url="jrt://$APPLICATION_HOME_DIR$/jbr!/jdk.naming.dns" type="simple" />
            <root url="jrt://$APPLICATION_HOME_DIR$/jbr!/jdk.naming.rmi" type="simple" />
            <root url="jrt://$APPLICATION_HOME_DIR$/jbr!/jdk.net" type="simple" />
            <root url="jrt://$APPLICATION_HOME_DIR$/jbr!/jdk.sctp" type="simple" />
            <root url="jrt://$APPLICATION_HOME_DIR$/jbr!/jdk.security.auth" type="simple" />
            <root url="jrt://$APPLICATION_HOME_DIR$/jbr!/jdk.security.jgss" type="simple" />
            <root url="jrt://$APPLICATION_HOME_DIR$/jbr!/jdk.unsupported" type="simple" />
            <root url="jrt://$APPLICATION_HOME_DIR$/jbr!/jdk.unsupported.desktop" type="simple" />
            <root url="jrt://$APPLICATION_HOME_DIR$/jbr!/jdk.xml.dom" type="simple" />
            <root url="jrt://$APPLICATION_HOME_DIR$/jbr!/jdk.zipfs" type="simple" />
          </root>
        </classPath>
        <javadocPath>
          <root type="composite" />
        </javadocPath>
        <sourcePath>
          <root type="composite" />
        </sourcePath>
      </roots>
      <additional />
    </jdk>
    <jdk version="2">
      <name value="11" />
      <type value="JavaSDK" />
      <homePath value="$APPLICATION_HOME_DIR$/jbr" />
      <roots>
        <annotationsPath>
          <root type="composite">
            <root url="jar://$APPLICATION_HOME_DIR$/plugins/java/lib/resources/jdkAnnotations.jar!/" type="simple" />
          </root>
        </annotationsPath>
        <classPath>
          <root type="composite">
            <root url="jrt://$APPLICATION_HOME_DIR$/jbr!/java.base" type="simple" />
            <root url="jrt://$APPLICATION_HOME_DIR$/jbr!/java.compiler" type="simple" />
            <root url="jrt://$APPLICATION_HOME_DIR$/jbr!/java.datatransfer" type="simple" />
            <root url="jrt://$APPLICATION_HOME_DIR$/jbr!/java.desktop" type="simple" />
            <root url="jrt://$APPLICATION_HOME_DIR$/jbr!/java.instrument" type="simple" />
            <root url="jrt://$APPLICATION_HOME_DIR$/jbr!/java.logging" type="simple" />
            <root url="jrt://$APPLICATION_HOME_DIR$/jbr!/java.management" type="simple" />
            <root url="jrt://$APPLICATION_HOME_DIR$/jbr!/java.management.rmi" type="simple" />
            <root url="jrt://$APPLICATION_HOME_DIR$/jbr!/java.naming" type="simple" />
            <root url="jrt://$APPLICATION_HOME_DIR$/jbr!/java.net.http" type="simple" />
            <root url="jrt://$APPLICATION_HOME_DIR$/jbr!/java.prefs" type="simple" />
            <root url="jrt://$APPLICATION_HOME_DIR$/jbr!/java.rmi" type="simple" />
            <root url="jrt://$APPLICATION_HOME_DIR$/jbr!/java.scripting" type="simple" />
            <root url="jrt://$APPLICATION_HOME_DIR$/jbr!/java.se" type="simple" />
            <root url="jrt://$APPLICATION_HOME_DIR$/jbr!/java.security.jgss" type="simple" />
            <root url="jrt://$APPLICATION_HOME_DIR$/jbr!/java.security.sasl" type="simple" />
            <root url="jrt://$APPLICATION_HOME_DIR$/jbr!/java.smartcardio" type="simple" />
            <root url="jrt://$APPLICATION_HOME_DIR$/jbr!/java.sql" type="simple" />
            <root url="jrt://$APPLICATION_HOME_DIR$/jbr!/java.sql.rowset" type="simple" />
            <root url="jrt://$APPLICATION_HOME_DIR$/jbr!/java.transaction.xa" type="simple" />
            <root url="jrt://$APPLICATION_HOME_DIR$/jbr!/java.xml" type="simple" />
            <root url="jrt://$APPLICATION_HOME_DIR$/jbr!/java.xml.crypto" type="simple" />
            <root url="jrt://$APPLICATION_HOME_DIR$/jbr!/jdk.accessibility" type="simple" />
            <root url="jrt://$APPLICATION_HOME_DIR$/jbr!/jdk.attach" type="simple" />
            <root url="jrt://$APPLICATION_HOME_DIR$/jbr!/jdk.charsets" type="simple" />
            <root url="jrt://$APPLICATION_HOME_DIR$/jbr!/jdk.compiler" type="simple" />
            <root url="jrt://$APPLICATION_HOME_DIR$/jbr!/jdk.crypto.cryptoki" type="simple" />
            <root url="jrt://$APPLICATION_HOME_DIR$/jbr!/jdk.crypto.ec" type="simple" />
            <root url="jrt://$APPLICATION_HOME_DIR$/jbr!/jdk.dynalink" type="simple" />
            <root url="jrt://$APPLICATION_HOME_DIR$/jbr!/jdk.hotspot.agent" type="simple" />
            <root url="jrt://$APPLICATION_HOME_DIR$/jbr!/jdk.httpserver" type="simple" />
            <root url="jrt://$APPLICATION_HOME_DIR$/jbr!/jdk.internal.ed" type="simple" />
            <root url="jrt://$APPLICATION_HOME_DIR$/jbr!/jdk.internal.jvmstat" type="simple" />
            <root url="jrt://$APPLICATION_HOME_DIR$/jbr!/jdk.internal.le" type="simple" />
            <root url="jrt://$APPLICATION_HOME_DIR$/jbr!/jdk.internal.opt" type="simple" />
            <root url="jrt://$APPLICATION_HOME_DIR$/jbr!/jdk.internal.vm.ci" type="simple" />
            <root url="jrt://$APPLICATION_HOME_DIR$/jbr!/jdk.internal.vm.compiler" type="simple" />
            <root url="jrt://$APPLICATION_HOME_DIR$/jbr!/jdk.internal.vm.compiler.management" type="simple" />
            <root url="jrt://$APPLICATION_HOME_DIR$/jbr!/jdk.jartool" type="simple" />
            <root url="jrt://$APPLICATION_HOME_DIR$/jbr!/jdk.javadoc" type="simple" />
            <root url="jrt://$APPLICATION_HOME_DIR$/jbr!/jdk.jcmd" type="simple" />
            <root url="jrt://$APPLICATION_HOME_DIR$/jbr!/jdk.jdeps" type="simple" />
            <root url="jrt://$APPLICATION_HOME_DIR$/jbr!/jdk.jdi" type="simple" />
            <root url="jrt://$APPLICATION_HOME_DIR$/jbr!/jdk.jdwp.agent" type="simple" />
            <root url="jrt://$APPLICATION_HOME_DIR$/jbr!/jdk.jfr" type="simple" />
            <root url="jrt://$APPLICATION_HOME_DIR$/jbr!/jdk.jlink" type="simple" />
            <root url="jrt://$APPLICATION_HOME_DIR$/jbr!/jdk.jsobject" type="simple" />
            <root url="jrt://$APPLICATION_HOME_DIR$/jbr!/jdk.localedata" type="simple" />
            <root url="jrt://$APPLICATION_HOME_DIR$/jbr!/jdk.management" type="simple" />
            <root url="jrt://$APPLICATION_HOME_DIR$/jbr!/jdk.management.agent" type="simple" />
            <root url="jrt://$APPLICATION_HOME_DIR$/jbr!/jdk.management.jfr" type="simple" />
            <root url="jrt://$APPLICATION_HOME_DIR$/jbr!/jdk.naming.dns" type="simple" />
            <root url="jrt://$APPLICATION_HOME_DIR$/jbr!/jdk.naming.rmi" type="simple" />
            <root url="jrt://$APPLICATION_HOME_DIR$/jbr!/jdk.net" type="simple" />
            <root url="jrt://$APPLICATION_HOME_DIR$/jbr!/jdk.sctp" type="simple" />
            <root url="jrt://$APPLICATION_HOME_DIR$/jbr!/jdk.security.auth" type="simple" />
            <root url="jrt://$APPLICATION_HOME_DIR$/jbr!/jdk.security.jgss" type="simple" />
            <root url="jrt://$APPLICATION_HOME_DIR$/jbr!/jdk.unsupported" type="simple" />
            <root url="jrt://$APPLICATION_HOME_DIR$/jbr!/jdk.unsupported.desktop" type="simple" />
            <root url="jrt://$APPLICATION_HOME_DIR$/jbr!/jdk.xml.dom" type="simple" />
            <root url="jrt://$APPLICATION_HOME_DIR$/jbr!/jdk.zipfs" type="simple" />
          </root>
        </classPath>
        <javadocPath>
          <root type="composite" />
        </javadocPath>
        <sourcePath>
          <root type="composite" />
        </sourcePath>
      </roots>
      <additional />
    </jdk>
    <jdk version="2">
      <name value="Android Studio java home" />
      <type value="JavaSDK" />
      <homePath value="$USER_HOME$/scoop/apps/openjdk17/current" />
      <roots>
        <annotationsPath>
          <root type="composite">
            <root url="jar://$APPLICATION_HOME_DIR$/plugins/java/lib/resources/jdkAnnotations.jar!/" type="simple" />
          </root>
        </annotationsPath>
        <classPath>
          <root type="composite">
            <root url="jrt://$USER_HOME$/scoop/apps/openjdk17/current!/java.base" type="simple" />
            <root url="jrt://$USER_HOME$/scoop/apps/openjdk17/current!/java.compiler" type="simple" />
            <root url="jrt://$USER_HOME$/scoop/apps/openjdk17/current!/java.datatransfer" type="simple" />
            <root url="jrt://$USER_HOME$/scoop/apps/openjdk17/current!/java.desktop" type="simple" />
            <root url="jrt://$USER_HOME$/scoop/apps/openjdk17/current!/java.instrument" type="simple" />
            <root url="jrt://$USER_HOME$/scoop/apps/openjdk17/current!/java.logging" type="simple" />
            <root url="jrt://$USER_HOME$/scoop/apps/openjdk17/current!/java.management" type="simple" />
            <root url="jrt://$USER_HOME$/scoop/apps/openjdk17/current!/java.management.rmi" type="simple" />
            <root url="jrt://$USER_HOME$/scoop/apps/openjdk17/current!/java.naming" type="simple" />
            <root url="jrt://$USER_HOME$/scoop/apps/openjdk17/current!/java.net.http" type="simple" />
            <root url="jrt://$USER_HOME$/scoop/apps/openjdk17/current!/java.prefs" type="simple" />
            <root url="jrt://$USER_HOME$/scoop/apps/openjdk17/current!/java.rmi" type="simple" />
            <root url="jrt://$USER_HOME$/scoop/apps/openjdk17/current!/java.scripting" type="simple" />
            <root url="jrt://$USER_HOME$/scoop/apps/openjdk17/current!/java.se" type="simple" />
            <root url="jrt://$USER_HOME$/scoop/apps/openjdk17/current!/java.security.jgss" type="simple" />
            <root url="jrt://$USER_HOME$/scoop/apps/openjdk17/current!/java.security.sasl" type="simple" />
            <root url="jrt://$USER_HOME$/scoop/apps/openjdk17/current!/java.smartcardio" type="simple" />
            <root url="jrt://$USER_HOME$/scoop/apps/openjdk17/current!/java.sql" type="simple" />
            <root url="jrt://$USER_HOME$/scoop/apps/openjdk17/current!/java.sql.rowset" type="simple" />
            <root url="jrt://$USER_HOME$/scoop/apps/openjdk17/current!/java.transaction.xa" type="simple" />
            <root url="jrt://$USER_HOME$/scoop/apps/openjdk17/current!/java.xml" type="simple" />
            <root url="jrt://$USER_HOME$/scoop/apps/openjdk17/current!/java.xml.crypto" type="simple" />
            <root url="jrt://$USER_HOME$/scoop/apps/openjdk17/current!/jdk.accessibility" type="simple" />
            <root url="jrt://$USER_HOME$/scoop/apps/openjdk17/current!/jdk.attach" type="simple" />
            <root url="jrt://$USER_HOME$/scoop/apps/openjdk17/current!/jdk.charsets" type="simple" />
            <root url="jrt://$USER_HOME$/scoop/apps/openjdk17/current!/jdk.compiler" type="simple" />
            <root url="jrt://$USER_HOME$/scoop/apps/openjdk17/current!/jdk.crypto.cryptoki" type="simple" />
            <root url="jrt://$USER_HOME$/scoop/apps/openjdk17/current!/jdk.crypto.ec" type="simple" />
            <root url="jrt://$USER_HOME$/scoop/apps/openjdk17/current!/jdk.crypto.mscapi" type="simple" />
            <root url="jrt://$USER_HOME$/scoop/apps/openjdk17/current!/jdk.dynalink" type="simple" />
            <root url="jrt://$USER_HOME$/scoop/apps/openjdk17/current!/jdk.editpad" type="simple" />
            <root url="jrt://$USER_HOME$/scoop/apps/openjdk17/current!/jdk.hotspot.agent" type="simple" />
            <root url="jrt://$USER_HOME$/scoop/apps/openjdk17/current!/jdk.httpserver" type="simple" />
            <root url="jrt://$USER_HOME$/scoop/apps/openjdk17/current!/jdk.incubator.foreign" type="simple" />
            <root url="jrt://$USER_HOME$/scoop/apps/openjdk17/current!/jdk.incubator.vector" type="simple" />
            <root url="jrt://$USER_HOME$/scoop/apps/openjdk17/current!/jdk.internal.ed" type="simple" />
            <root url="jrt://$USER_HOME$/scoop/apps/openjdk17/current!/jdk.internal.jvmstat" type="simple" />
            <root url="jrt://$USER_HOME$/scoop/apps/openjdk17/current!/jdk.internal.le" type="simple" />
            <root url="jrt://$USER_HOME$/scoop/apps/openjdk17/current!/jdk.internal.opt" type="simple" />
            <root url="jrt://$USER_HOME$/scoop/apps/openjdk17/current!/jdk.internal.vm.ci" type="simple" />
            <root url="jrt://$USER_HOME$/scoop/apps/openjdk17/current!/jdk.internal.vm.compiler" type="simple" />
            <root url="jrt://$USER_HOME$/scoop/apps/openjdk17/current!/jdk.internal.vm.compiler.management" type="simple" />
            <root url="jrt://$USER_HOME$/scoop/apps/openjdk17/current!/jdk.jartool" type="simple" />
            <root url="jrt://$USER_HOME$/scoop/apps/openjdk17/current!/jdk.javadoc" type="simple" />
            <root url="jrt://$USER_HOME$/scoop/apps/openjdk17/current!/jdk.jcmd" type="simple" />
            <root url="jrt://$USER_HOME$/scoop/apps/openjdk17/current!/jdk.jconsole" type="simple" />
            <root url="jrt://$USER_HOME$/scoop/apps/openjdk17/current!/jdk.jdeps" type="simple" />
            <root url="jrt://$USER_HOME$/scoop/apps/openjdk17/current!/jdk.jdi" type="simple" />
            <root url="jrt://$USER_HOME$/scoop/apps/openjdk17/current!/jdk.jdwp.agent" type="simple" />
            <root url="jrt://$USER_HOME$/scoop/apps/openjdk17/current!/jdk.jfr" type="simple" />
            <root url="jrt://$USER_HOME$/scoop/apps/openjdk17/current!/jdk.jlink" type="simple" />
            <root url="jrt://$USER_HOME$/scoop/apps/openjdk17/current!/jdk.jpackage" type="simple" />
            <root url="jrt://$USER_HOME$/scoop/apps/openjdk17/current!/jdk.jshell" type="simple" />
            <root url="jrt://$USER_HOME$/scoop/apps/openjdk17/current!/jdk.jsobject" type="simple" />
            <root url="jrt://$USER_HOME$/scoop/apps/openjdk17/current!/jdk.jstatd" type="simple" />
            <root url="jrt://$USER_HOME$/scoop/apps/openjdk17/current!/jdk.localedata" type="simple" />
            <root url="jrt://$USER_HOME$/scoop/apps/openjdk17/current!/jdk.management" type="simple" />
            <root url="jrt://$USER_HOME$/scoop/apps/openjdk17/current!/jdk.management.agent" type="simple" />
            <root url="jrt://$USER_HOME$/scoop/apps/openjdk17/current!/jdk.management.jfr" type="simple" />
            <root url="jrt://$USER_HOME$/scoop/apps/openjdk17/current!/jdk.naming.dns" type="simple" />
            <root url="jrt://$USER_HOME$/scoop/apps/openjdk17/current!/jdk.naming.rmi" type="simple" />
            <root url="jrt://$USER_HOME$/scoop/apps/openjdk17/current!/jdk.net" type="simple" />
            <root url="jrt://$USER_HOME$/scoop/apps/openjdk17/current!/jdk.nio.mapmode" type="simple" />
            <root url="jrt://$USER_HOME$/scoop/apps/openjdk17/current!/jdk.random" type="simple" />
            <root url="jrt://$USER_HOME$/scoop/apps/openjdk17/current!/jdk.sctp" type="simple" />
            <root url="jrt://$USER_HOME$/scoop/apps/openjdk17/current!/jdk.security.auth" type="simple" />
            <root url="jrt://$USER_HOME$/scoop/apps/openjdk17/current!/jdk.security.jgss" type="simple" />
            <root url="jrt://$USER_HOME$/scoop/apps/openjdk17/current!/jdk.unsupported" type="simple" />
            <root url="jrt://$USER_HOME$/scoop/apps/openjdk17/current!/jdk.unsupported.desktop" type="simple" />
            <root url="jrt://$USER_HOME$/scoop/apps/openjdk17/current!/jdk.xml.dom" type="simple" />
            <root url="jrt://$USER_HOME$/scoop/apps/openjdk17/current!/jdk.zipfs" type="simple" />
          </root>
        </classPath>
        <javadocPath>
          <root type="composite" />
        </javadocPath>
        <sourcePath>
          <root type="composite">
            <root url="jar://$USER_HOME$/scoop/apps/openjdk17/current/lib/src.zip!/java.se" type="simple" />
            <root url="jar://$USER_HOME$/scoop/apps/openjdk17/current/lib/src.zip!/jdk.jdi" type="simple" />
            <root url="jar://$USER_HOME$/scoop/apps/openjdk17/current/lib/src.zip!/jdk.jfr" type="simple" />
            <root url="jar://$USER_HOME$/scoop/apps/openjdk17/current/lib/src.zip!/jdk.net" type="simple" />
            <root url="jar://$USER_HOME$/scoop/apps/openjdk17/current/lib/src.zip!/java.rmi" type="simple" />
            <root url="jar://$USER_HOME$/scoop/apps/openjdk17/current/lib/src.zip!/java.sql" type="simple" />
            <root url="jar://$USER_HOME$/scoop/apps/openjdk17/current/lib/src.zip!/java.xml" type="simple" />
            <root url="jar://$USER_HOME$/scoop/apps/openjdk17/current/lib/src.zip!/jdk.jcmd" type="simple" />
            <root url="jar://$USER_HOME$/scoop/apps/openjdk17/current/lib/src.zip!/jdk.sctp" type="simple" />
            <root url="jar://$USER_HOME$/scoop/apps/openjdk17/current/lib/src.zip!/java.base" type="simple" />
            <root url="jar://$USER_HOME$/scoop/apps/openjdk17/current/lib/src.zip!/jdk.jdeps" type="simple" />
            <root url="jar://$USER_HOME$/scoop/apps/openjdk17/current/lib/src.zip!/jdk.jlink" type="simple" />
            <root url="jar://$USER_HOME$/scoop/apps/openjdk17/current/lib/src.zip!/jdk.zipfs" type="simple" />
            <root url="jar://$USER_HOME$/scoop/apps/openjdk17/current/lib/src.zip!/java.prefs" type="simple" />
            <root url="jar://$USER_HOME$/scoop/apps/openjdk17/current/lib/src.zip!/jdk.attach" type="simple" />
            <root url="jar://$USER_HOME$/scoop/apps/openjdk17/current/lib/src.zip!/jdk.jshell" type="simple" />
            <root url="jar://$USER_HOME$/scoop/apps/openjdk17/current/lib/src.zip!/jdk.jstatd" type="simple" />
            <root url="jar://$USER_HOME$/scoop/apps/openjdk17/current/lib/src.zip!/jdk.random" type="simple" />
            <root url="jar://$USER_HOME$/scoop/apps/openjdk17/current/lib/src.zip!/java.naming" type="simple" />
            <root url="jar://$USER_HOME$/scoop/apps/openjdk17/current/lib/src.zip!/jdk.editpad" type="simple" />
            <root url="jar://$USER_HOME$/scoop/apps/openjdk17/current/lib/src.zip!/jdk.jartool" type="simple" />
            <root url="jar://$USER_HOME$/scoop/apps/openjdk17/current/lib/src.zip!/jdk.javadoc" type="simple" />
            <root url="jar://$USER_HOME$/scoop/apps/openjdk17/current/lib/src.zip!/jdk.xml.dom" type="simple" />
            <root url="jar://$USER_HOME$/scoop/apps/openjdk17/current/lib/src.zip!/java.desktop" type="simple" />
            <root url="jar://$USER_HOME$/scoop/apps/openjdk17/current/lib/src.zip!/java.logging" type="simple" />
            <root url="jar://$USER_HOME$/scoop/apps/openjdk17/current/lib/src.zip!/jdk.charsets" type="simple" />
            <root url="jar://$USER_HOME$/scoop/apps/openjdk17/current/lib/src.zip!/jdk.compiler" type="simple" />
            <root url="jar://$USER_HOME$/scoop/apps/openjdk17/current/lib/src.zip!/jdk.dynalink" type="simple" />
            <root url="jar://$USER_HOME$/scoop/apps/openjdk17/current/lib/src.zip!/jdk.jconsole" type="simple" />
            <root url="jar://$USER_HOME$/scoop/apps/openjdk17/current/lib/src.zip!/jdk.jpackage" type="simple" />
            <root url="jar://$USER_HOME$/scoop/apps/openjdk17/current/lib/src.zip!/jdk.jsobject" type="simple" />
            <root url="jar://$USER_HOME$/scoop/apps/openjdk17/current/lib/src.zip!/java.compiler" type="simple" />
            <root url="jar://$USER_HOME$/scoop/apps/openjdk17/current/lib/src.zip!/java.net.http" type="simple" />
            <root url="jar://$USER_HOME$/scoop/apps/openjdk17/current/lib/src.zip!/jdk.crypto.ec" type="simple" />
            <root url="jar://$USER_HOME$/scoop/apps/openjdk17/current/lib/src.zip!/java.scripting" type="simple" />
            <root url="jar://$USER_HOME$/scoop/apps/openjdk17/current/lib/src.zip!/jdk.httpserver" type="simple" />
            <root url="jar://$USER_HOME$/scoop/apps/openjdk17/current/lib/src.zip!/jdk.jdwp.agent" type="simple" />
            <root url="jar://$USER_HOME$/scoop/apps/openjdk17/current/lib/src.zip!/jdk.localedata" type="simple" />
            <root url="jar://$USER_HOME$/scoop/apps/openjdk17/current/lib/src.zip!/jdk.management" type="simple" />
            <root url="jar://$USER_HOME$/scoop/apps/openjdk17/current/lib/src.zip!/jdk.naming.dns" type="simple" />
            <root url="jar://$USER_HOME$/scoop/apps/openjdk17/current/lib/src.zip!/jdk.naming.rmi" type="simple" />
            <root url="jar://$USER_HOME$/scoop/apps/openjdk17/current/lib/src.zip!/java.instrument" type="simple" />
            <root url="jar://$USER_HOME$/scoop/apps/openjdk17/current/lib/src.zip!/java.management" type="simple" />
            <root url="jar://$USER_HOME$/scoop/apps/openjdk17/current/lib/src.zip!/java.sql.rowset" type="simple" />
            <root url="jar://$USER_HOME$/scoop/apps/openjdk17/current/lib/src.zip!/java.xml.crypto" type="simple" />
            <root url="jar://$USER_HOME$/scoop/apps/openjdk17/current/lib/src.zip!/jdk.internal.ed" type="simple" />
            <root url="jar://$USER_HOME$/scoop/apps/openjdk17/current/lib/src.zip!/jdk.internal.le" type="simple" />
            <root url="jar://$USER_HOME$/scoop/apps/openjdk17/current/lib/src.zip!/jdk.nio.mapmode" type="simple" />
            <root url="jar://$USER_HOME$/scoop/apps/openjdk17/current/lib/src.zip!/jdk.unsupported" type="simple" />
            <root url="jar://$USER_HOME$/scoop/apps/openjdk17/current/lib/src.zip!/java.smartcardio" type="simple" />
            <root url="jar://$USER_HOME$/scoop/apps/openjdk17/current/lib/src.zip!/jdk.internal.opt" type="simple" />
            <root url="jar://$USER_HOME$/scoop/apps/openjdk17/current/lib/src.zip!/java.datatransfer" type="simple" />
            <root url="jar://$USER_HOME$/scoop/apps/openjdk17/current/lib/src.zip!/jdk.accessibility" type="simple" />
            <root url="jar://$USER_HOME$/scoop/apps/openjdk17/current/lib/src.zip!/jdk.crypto.mscapi" type="simple" />
            <root url="jar://$USER_HOME$/scoop/apps/openjdk17/current/lib/src.zip!/jdk.hotspot.agent" type="simple" />
            <root url="jar://$USER_HOME$/scoop/apps/openjdk17/current/lib/src.zip!/jdk.security.auth" type="simple" />
            <root url="jar://$USER_HOME$/scoop/apps/openjdk17/current/lib/src.zip!/jdk.security.jgss" type="simple" />
            <root url="jar://$USER_HOME$/scoop/apps/openjdk17/current/lib/src.zip!/java.security.jgss" type="simple" />
            <root url="jar://$USER_HOME$/scoop/apps/openjdk17/current/lib/src.zip!/java.security.sasl" type="simple" />
            <root url="jar://$USER_HOME$/scoop/apps/openjdk17/current/lib/src.zip!/jdk.internal.vm.ci" type="simple" />
            <root url="jar://$USER_HOME$/scoop/apps/openjdk17/current/lib/src.zip!/jdk.management.jfr" type="simple" />
            <root url="jar://$USER_HOME$/scoop/apps/openjdk17/current/lib/src.zip!/java.management.rmi" type="simple" />
            <root url="jar://$USER_HOME$/scoop/apps/openjdk17/current/lib/src.zip!/java.transaction.xa" type="simple" />
            <root url="jar://$USER_HOME$/scoop/apps/openjdk17/current/lib/src.zip!/jdk.crypto.cryptoki" type="simple" />
            <root url="jar://$USER_HOME$/scoop/apps/openjdk17/current/lib/src.zip!/jdk.incubator.vector" type="simple" />
            <root url="jar://$USER_HOME$/scoop/apps/openjdk17/current/lib/src.zip!/jdk.internal.jvmstat" type="simple" />
            <root url="jar://$USER_HOME$/scoop/apps/openjdk17/current/lib/src.zip!/jdk.management.agent" type="simple" />
            <root url="jar://$USER_HOME$/scoop/apps/openjdk17/current/lib/src.zip!/jdk.incubator.foreign" type="simple" />
            <root url="jar://$USER_HOME$/scoop/apps/openjdk17/current/lib/src.zip!/jdk.unsupported.desktop" type="simple" />
            <root url="jar://$USER_HOME$/scoop/apps/openjdk17/current/lib/src.zip!/jdk.internal.vm.compiler" type="simple" />
            <root url="jar://$USER_HOME$/scoop/apps/openjdk17/current/lib/src.zip!/jdk.internal.vm.compiler.management" type="simple" />
          </root>
        </sourcePath>
      </roots>
      <additional />
    </jdk>
    <jdk version="2">
      <name value="Kotlin SDK" />
      <type value="KotlinSDK" />
      <homePath value="" />
      <roots>
        <annotationsPath>
          <root type="composite" />
        </annotationsPath>
        <classPath>
          <root type="composite" />
        </classPath>
        <javadocPath>
          <root type="composite" />
        </javadocPath>
        <sourcePath>
          <root type="composite" />
        </sourcePath>
      </roots>
      <additional />
    </jdk>
    <jdk version="2">
      <name value="Android API 34, extension level 7 Platform" />
      <type value="Android SDK" />
      <homePath value="$USER_HOME$/scoop/apps/android-clt/current" />
      <roots>
        <annotationsPath>
          <root type="composite">
            <root url="jar://$USER_HOME$/scoop/apps/android-clt/current/platforms/android-34/data/annotations.zip!/" type="simple" />
          </root>
        </annotationsPath>
        <classPath>
          <root type="composite">
            <root url="jar://$USER_HOME$/scoop/apps/android-clt/current/platforms/android-34/android.jar!/" type="simple" />
            <root url="file://$USER_HOME$/scoop/apps/android-clt/current/platforms/android-34/data/res" type="simple" />
          </root>
        </classPath>
        <javadocPath>
          <root type="composite">
            <root url="http://developer.android.com/reference/" type="simple" />
          </root>
        </javadocPath>
        <sourcePath>
          <root type="composite" />
        </sourcePath>
      </roots>
      <additional sdk="android-34" />
    </jdk>
    <jdk version="2">
      <name value="Android API 33, extension level 3 Platform" />
      <type value="Android SDK" />
      <homePath value="$USER_HOME$/scoop/apps/android-clt/current" />
      <roots>
        <annotationsPath>
          <root type="composite">
            <root url="jar://$USER_HOME$/scoop/apps/android-clt/current/platforms/android-33/data/annotations.zip!/" type="simple" />
          </root>
        </annotationsPath>
        <classPath>
          <root type="composite">
            <root url="jar://$USER_HOME$/scoop/apps/android-clt/current/platforms/android-33/android.jar!/" type="simple" />
            <root url="file://$USER_HOME$/scoop/apps/android-clt/current/platforms/android-33/data/res" type="simple" />
          </root>
        </classPath>
        <javadocPath>
          <root type="composite">
            <root url="http://developer.android.com/reference/" type="simple" />
          </root>
        </javadocPath>
        <sourcePath>
          <root type="composite" />
        </sourcePath>
      </roots>
      <additional sdk="android-33" />
    </jdk>
    <jdk version="2">
      <name value="Android API 31 Platform" />
      <type value="Android SDK" />
      <homePath value="$USER_HOME$/scoop/apps/android-clt/current" />
      <roots>
        <annotationsPath>
          <root type="composite">
            <root url="jar://$USER_HOME$/scoop/apps/android-clt/current/platforms/android-31/data/annotations.zip!/" type="simple" />
          </root>
        </annotationsPath>
        <classPath>
          <root type="composite">
            <root url="jar://$USER_HOME$/scoop/apps/android-clt/current/platforms/android-31/android.jar!/" type="simple" />
            <root url="file://$USER_HOME$/scoop/apps/android-clt/current/platforms/android-31/data/res" type="simple" />
          </root>
        </classPath>
        <javadocPath>
          <root type="composite">
            <root url="http://developer.android.com/reference/" type="simple" />
          </root>
        </javadocPath>
        <sourcePath>
          <root type="composite" />
        </sourcePath>
      </roots>
      <additional sdk="android-31" />
    </jdk>
  </component>
</application>